stid,name,state,country,county,cwa,nwszone,timezone,elevation_ft,lat,lon,mnet_id,air_temp_min_f,valid_time,valid_time_utc,period_start_local,period_end_local,period_start_utc,period_end_utc,count
G2193,GW2193 GULF SHORES,AL,US,,,,America/Chicago,26.25,30.26933,-87.67700,65,-90.0,2026-07-11T08:16:00-0500,2026-07-11T13:16:00+00:00,2026-07-11T00:00:00-05:00,2026-07-11T23:03:00-05:00,2026-07-11T05:00:00+00:00,2026-07-12T04:03:00+00:00,79
UP390,PLAQMN,LA,US,,,,America/Chicago,24.0,30.26172,-91.21897,64,-50.0,2026-07-11T00:22:00-0500,2026-07-11T05:22:00+00:00,2026-07-11T00:00:00-05:00,2026-07-11T23:03:00-05:00,2026-07-11T05:00:00+00:00,2026-07-12T04:03:00+00:00,52
UP875,LAWTEL,LA,US,,,,America/Chicago,68.0,30.51779,-92.20221,64,-50.0,2026-07-11T01:24:00-0500,2026-07-11T06:24:00+00:00,2026-07-11T00:00:00-05:00,2026-07-11T23:03:00-05:00,2026-07-11T05:00:00+00:00,2026-07-12T04:03:00+00:00,50
UP880,POWELL,LA,US,,,,America/Chicago,59.0,30.50125,-92.39713,64,-39.0,2026-07-11T00:59:00-0500,2026-07-11T05:59:00+00:00,2026-07-11T00:00:00-05:00,2026-07-11T23:03:00-05:00,2026-07-11T05:00:00+00:00,2026-07-12T04:03:00+00:00,52
UR772,MARIN2,LA,US,,,,America/Chicago,36.0,30.47829,-91.50878,64,28.0,2026-07-11T20:19:00-0500,2026-07-12T01:19:00+00:00,2026-07-11T00:00:00-05:00,2026-07-11T23:03:00-05:00,2026-07-11T05:00:00+00:00,2026-07-12T04:03:00+00:00,48
UP172,KROTZS,LA,US,,,,America/Chicago,49.0,30.54060,-91.74199,64,35.0,2026-07-11T03:03:00-0500,2026-07-11T08:03:00+00:00,2026-07-11T00:00:00-05:00,2026-07-11T23:03:00-05:00,2026-07-11T05:00:00+00:00,2026-07-12T04:03:00+00:00,50
AT538,KE5JJC Ponchatoula,LA,US,,,,America/Chicago,35.0,30.44760,-90.35941,65,57.0,2026-07-11T08:45:00-0500,2026-07-11T13:45:00+00:00,2026-07-11T00:00:00-05:00,2026-07-11T23:03:00-05:00,2026-07-11T05:00:00+00:00,2026-07-12T04:03:00+00:00,89
AV683,KG5WBN New Orleans,LA,US,,,,America/Chicago,6.56,29.95400,-90.12617,65,62.0,2026-07-11T13:08:00-0500,2026-07-11T18:08:00+00:00,2026-07-11T00:00:00-05:00,2026-07-11T23:03:00-05:00,2026-07-11T05:00:00+00:00,2026-07-12T04:03:00+00:00,273
NLOF1,NAVAL LIVE OAKS,FL,US,,,,America/Chicago,15.0,30.366390,-87.1375,2,64.0,2026-07-11T07:22:00-0500,2026-07-11T12:22:00+00:00,2026-07-11T00:00:00-05:00,2026-07-11T23:03:00-05:00,2026-07-11T05:00:00+00:00,2026-07-12T04:03:00+00:00,21
UP887,VENEER,LA,US,,,,America/Chicago,94.0,31.65665,-92.38996,64,67.0,2026-07-11T04:59:00-0500,2026-07-11T09:59:00+00:00,2026-07-11T00:00:00-05:00,2026-07-11T23:03:00-05:00,2026-07-11T05:00:00+00:00,2026-07-12T04:03:00+00:00,16
KGZH,"Evergreen, Middleton Field",AL,US,,,,America/Chicago,256.0,31.41889,-87.04806,1,69.8,2026-07-11T05:50:00-0500,2026-07-11T10:50:00+00:00,2026-07-11T00:00:00-05:00,2026-07-11T23:03:00-05:00,2026-07-11T05:00:00+00:00,2026-07-12T04:03:00+00:00,297
LSU08,Hammond,LA,US,,,,America/Chicago,46.0,30.50309,-90.37707,256,70.2,2026-07-11T05:49:00-0500,2026-07-11T10:49:00+00:00,2026-07-11T00:00:00-05:00,2026-07-11T23:03:00-05:00,2026-07-11T05:00:00+00:00,2026-07-12T04:03:00+00:00,1045
AW815,AI5BL WAYNESSBORO,MS,US,,,,America/Chicago,294.78,31.61517,-88.82750,65,71.0,2026-07-11T06:28:00-0500,2026-07-11T11:28:00+00:00,2026-07-11T00:00:00-05:00,2026-07-11T23:03:00-05:00,2026-07-11T05:00:00+00:00,2026-07-12T04:03:00+00:00,273
G1824,KD1DRM POPLARVILLE,MS,US,,,,America/Chicago,264.01,30.85000,-89.52000,65,71.0,2026-07-11T05:30:00-0500,2026-07-11T10:30:00+00:00,2026-07-11T00:00:00-05:00,2026-07-11T23:03:00-05:00,2026-07-11T05:00:00+00:00,2026-07-12T04:03:00+00:00,93
G5434,GW5434 EASTABUCHIE,MS,US,,,,America/Chicago,190.0,31.45250,-89.28433,65,71.0,2026-07-11T05:15:00-0500,2026-07-11T10:15:00+00:00,2026-07-11T00:00:00-05:00,2026-07-11T23:03:00-05:00,2026-07-11T05:00:00+00:00,2026-07-12T04:03:00+00:00,93
G5825,GW5825 FOLSOM,LA,US,,,,America/Chicago,108.27,30.62933,-90.22483,65,71.0,2026-07-11T06:22:00-0500,2026-07-11T11:22:00+00:00,2026-07-11T00:00:00-05:00,2026-07-11T23:03:00-05:00,2026-07-11T05:00:00+00:00,2026-07-12T04:03:00+00:00,273
LM027,ULM_KENT,LA,US,,,,America/Chicago,251.001,30.8852,-90.6086,313,71.0,2026-07-11T06:20:00-0500,2026-07-11T11:20:00+00:00,2026-07-11T00:00:00-05:00,2026-07-11T23:03:00-05:00,2026-07-11T05:00:00+00:00,2026-07-12T04:03:00+00:00,275
MPAM6,PIKE,MS,US,,,,America/Chicago,366.0,31.186940,-90.478060,2,71.0,2026-07-11T04:09:00-0500,2026-07-11T09:09:00+00:00,2026-07-11T00:00:00-05:00,2026-07-11T23:03:00-05:00,2026-07-11T05:00:00+00:00,2026-07-12T04:03:00+00:00,23
KMCB,"McComb, McComb / Pike County / John E Lewis Field Airport",MS,US,,,,America/Chicago,413.0,31.17833,-90.47194,1,71.1,2026-07-11T04:53:00-0500,2026-07-11T09:53:00+00:00,2026-07-11T00:00:00-05:00,2026-07-11T23:03:00-05:00,2026-07-11T05:00:00+00:00,2026-07-12T04:03:00+00:00,302
BRXA1,USCRN SITE NEAR BREWTON 3NNE,AL,US,,,,America/Chicago,187.0,31.14500,-87.05167,123,71.2,2026-07-11T05:45:00-0500,2026-07-11T10:45:00+00:00,2026-07-11T00:00:00-05:00,2026-07-11T23:03:00-05:00,2026-07-11T05:00:00+00:00,2026-07-12T04:03:00+00:00,265
USA20,Castleberry,AL,US,,,,America/Chicago,250.0,31.29580,-87.03130,3011,71.3,2026-07-11T05:17:00-0500,2026-07-11T10:17:00+00:00,2026-07-11T00:00:00-05:00,2026-07-11T23:03:00-05:00,2026-07-11T05:00:00+00:00,2026-07-12T04:03:00+00:00,1300
KESF,Alexandria Esler Regional Airport,LA,US,,,,America/Chicago,85.0,31.39634,-92.28273,1,71.6,2026-07-11T03:20:00-0500,2026-07-11T08:20:00+00:00,2026-07-11T00:00:00-05:00,2026-07-11T23:03:00-05:00,2026-07-11T05:00:00+00:00,2026-07-12T04:03:00+00:00,308
LM028,ULM_CLIN,LA,US,,,,America/Chicago,241.001,30.84559,-90.98049,313,71.9,2026-07-11T05:20:00-0500,2026-07-11T10:20:00+00:00,2026-07-11T00:00:00-05:00,2026-07-11T23:03:00-05:00,2026-07-11T05:00:00+00:00,2026-07-12T04:03:00+00:00,275
AU216,W5XN Carriere,MS,US,,,,America/Chicago,116.5,30.63867,-89.70283,65,72.0,2026-07-11T05:03:00-0500,2026-07-11T10:03:00+00:00,2026-07-11T00:00:00-05:00,2026-07-11T23:03:00-05:00,2026-07-11T05:00:00+00:00,2026-07-12T04:03:00+00:00,273
F0278,FW0278 Summit,MS,US,,,,America/Chicago,383.56,31.26650,-90.52733,65,72.0,2026-07-11T04:30:00-0500,2026-07-11T09:30:00+00:00,2026-07-11T00:00:00-05:00,2026-07-11T23:03:00-05:00,2026-07-11T05:00:00+00:00,2026-07-12T04:03:00+00:00,94
F4737,FW4737 Nokomis,AL,US,,,,America/Chicago,240.03,31.02712,-87.59266,65,72.0,2026-07-11T05:32:00-0500,2026-07-11T10:32:00+00:00,2026-07-11T00:00:00-05:00,2026-07-11T23:03:00-05:00,2026-07-11T05:00:00+00:00,2026-07-12T04:03:00+00:00,267
F9828,KC5DP Tickfaw,LA,US,,,,America/Chicago,73.49,30.58516,-90.49816,65,72.0,2026-07-11T04:55:00-0500,2026-07-11T09:55:00+00:00,2026-07-11T00:00:00-05:00,2026-07-11T23:03:00-05:00,2026-07-11T05:00:00+00:00,2026-07-12T04:03:00+00:00,272
G3222,GW3222 Waynesboro,MS,US,,,,America/Chicago,167.0,31.67737,-88.67066,65,72.0,2026-07-11T05:31:00-0500,2026-07-11T10:31:00+00:00,2026-07-11T00:00:00-05:00,2026-07-11T23:03:00-05:00,2026-07-11T05:00:00+00:00,2026-07-12T04:03:00+00:00,93
G3750,GW3750 PURVIS,MS,US,,,,America/Chicago,318.24,31.20917,-89.36550,65,72.0,2026-07-11T06:05:00-0500,2026-07-11T11:05:00+00:00,2026-07-11T00:00:00-05:00,2026-07-11T23:03:00-05:00,2026-07-11T05:00:00+00:00,2026-07-12T04:03:00+00:00,277
G6344,GW6344 BUSH,LA,US,,,,America/Chicago,88.58,30.60533,-89.94750,65,72.0,2026-07-11T05:15:00-0500,2026-07-11T10:15:00+00:00,2026-07-11T00:00:00-05:00,2026-07-11T23:03:00-05:00,2026-07-11T05:00:00+00:00,2026-07-12T04:03:00+00:00,93
LAUM6,WAUSAU,MS,US,,,,America/Chicago,316.0,31.530350,-88.892370,2,72.0,2026-07-11T04:36:00-0500,2026-07-11T09:36:00+00:00,2026-07-11T00:00:00-05:00,2026-07-11T23:03:00-05:00,2026-07-11T05:00:00+00:00,2026-07-12T04:03:00+00:00,23
UP357,LULING,LA,US,,,,America/Chicago,17.0,29.93226,-90.36791,64,72.0,2026-07-11T14:01:00-0500,2026-07-11T19:01:00+00:00,2026-07-11T00:00:00-05:00,2026-07-11T23:03:00-05:00,2026-07-11T05:00:00+00:00,2026-07-12T04:03:00+00:00,69
MSS39,White Sand,MS,US,,,,America/Chicago,171.0,30.79660,-89.69016,236,72.1,2026-07-11T06:00:00-0500,2026-07-11T11:00:00+00:00,2026-07-11T00:00:00-05:00,2026-07-11T23:03:00-05:00,2026-07-11T05:00:00+00:00,2026-07-12T04:03:00+00:00,86
MSS28,Beaumont,MS,US,,,,America/Chicago,171.0,31.23583,-88.92188,236,72.2,2026-07-11T06:15:00-0500,2026-07-11T11:15:00+00:00,2026-07-11T00:00:00-05:00,2026-07-11T23:03:00-05:00,2026-07-11T05:00:00+00:00,2026-07-12T04:03:00+00:00,86
MVSA1,Mt. Vernon,AL,US,,,,America/Chicago,53.0,31.09050,-87.99870,3011,72.4,2026-07-11T06:16:00-0500,2026-07-11T11:16:00+00:00,2026-07-11T00:00:00-05:00,2026-07-11T23:03:00-05:00,2026-07-11T05:00:00+00:00,2026-07-12T04:03:00+00:00,1300
MSS20,Natchez,MS,US,,,,America/Chicago,75.0,31.34067,-91.39999,236,72.5,2026-07-11T06:15:00-0500,2026-07-11T11:15:00+00:00,2026-07-11T00:00:00-05:00,2026-07-11T23:03:00-05:00,2026-07-11T05:00:00+00:00,2026-07-12T04:03:00+00:00,86
1894W,FSWN Escambia Molino,FL,US,,,,America/Chicago,194.0,30.71569,-87.34388,249,72.6,2026-07-11T13:00:00-0500,2026-07-11T18:00:00+00:00,2026-07-11T00:00:00-05:00,2026-07-11T23:03:00-05:00,2026-07-11T05:00:00+00:00,2026-07-12T04:03:00+00:00,138
FRPA1,USCRN SITE NEAR FAIRHOPE 3NE,AL,US,,,,America/Chicago,111.0,30.54861,-87.87583,123,72.8,2026-07-11T05:40:00-0500,2026-07-11T10:40:00+00:00,2026-07-11T00:00:00-05:00,2026-07-11T23:03:00-05:00,2026-07-11T05:00:00+00:00,2026-07-12T04:03:00+00:00,270
KHDC,"Hammond, Hammond Municipal Airport",LA,US,,,,America/Chicago,43.0,30.52083,-90.41750,1,72.9,2026-07-11T05:55:00-0500,2026-07-11T10:55:00+00:00,2026-07-11T00:00:00-05:00,2026-07-11T23:03:00-05:00,2026-07-11T05:00:00+00:00,2026-07-12T04:03:00+00:00,67
AT845,K0CPM-2 KATY,LA,US,,,,America/Chicago,124.67,29.96450,-90.14627,65,73.0,2026-07-11T13:30:00-0500,2026-07-11T18:30:00+00:00,2026-07-11T00:00:00-05:00,2026-07-11T23:03:00-05:00,2026-07-11T05:00:00+00:00,2026-07-12T04:03:00+00:00,92
AV042,N5PA-2 Meadville,MS,US,,,,America/Chicago,310.07,31.58700,-90.89833,65,73.0,2026-07-11T05:50:00-0500,2026-07-11T10:50:00+00:00,2026-07-11T00:00:00-05:00,2026-07-11T23:03:00-05:00,2026-07-11T05:00:00+00:00,2026-07-12T04:03:00+00:00,201
AV775,KJ4EWA Milton,FL,US,,,,America/Chicago,89.0,30.65283,-87.11950,65,73.0,2026-07-11T03:28:00-0500,2026-07-11T08:28:00+00:00,2026-07-11T00:00:00-05:00,2026-07-11T23:03:00-05:00,2026-07-11T05:00:00+00:00,2026-07-12T04:03:00+00:00,273
C2378,CW2378 New Orleans,LA,US,,,,America/Chicago,7.0,29.96883,-90.218,65,73.0,2026-07-11T13:25:00-0500,2026-07-11T18:25:00+00:00,2026-07-11T00:00:00-05:00,2026-07-11T23:03:00-05:00,2026-07-11T05:00:00+00:00,2026-07-12T04:03:00+00:00,236
D2686,DW2686 Robertsdale,AL,US,,,,America/Chicago,84.61,30.5255,-87.7285,65,73.0,2026-07-11T05:45:00-0500,2026-07-11T10:45:00+00:00,2026-07-11T00:00:00-05:00,2026-07-11T23:03:00-05:00,2026-07-11T05:00:00+00:00,2026-07-12T04:03:00+00:00,278
D2721,DW2721 Ponchatoula,LA,US,,,,America/Chicago,23.0,30.45999,-90.44988,65,73.0,2026-07-11T03:20:00-0500,2026-07-11T08:20:00+00:00,2026-07-11T00:00:00-05:00,2026-07-11T23:03:00-05:00,2026-07-11T05:00:00+00:00,2026-07-12T04:03:00+00:00,277
E1616,EW1616 Baton Rouge,LA,US,,,,America/Chicago,37.63,30.41100,-90.94720,65,73.0,2026-07-11T05:30:00-0500,2026-07-11T10:30:00+00:00,2026-07-11T00:00:00-05:00,2026-07-11T23:03:00-05:00,2026-07-11T05:00:00+00:00,2026-07-12T04:03:00+00:00,277
E2701,EW2701 Gulfport,MS,US,,,,America/Chicago,73.0,30.49600,-89.07517,65,73.0,2026-07-11T05:00:00-0500,2026-07-11T10:00:00+00:00,2026-07-11T00:00:00-05:00,2026-07-11T23:03:00-05:00,2026-07-11T05:00:00+00:00,2026-07-12T04:03:00+00:00,93
F6606,FW6606 Foley,AL,US,,,,America/Chicago,609.38,30.43121,-87.65821,65,73.0,2026-07-11T05:46:00-0500,2026-07-11T10:46:00+00:00,2026-07-11T00:00:00-05:00,2026-07-11T23:03:00-05:00,2026-07-11T05:00:00+00:00,2026-07-12T04:03:00+00:00,93
F7820,FW7820 Hattiesburg,MS,US,,,,America/Chicago,361.81,31.32883,-89.44100,65,73.0,2026-07-11T04:19:00-0500,2026-07-11T09:19:00+00:00,2026-07-11T00:00:00-05:00,2026-07-11T23:03:00-05:00,2026-07-11T05:00:00+00:00,2026-07-12T04:03:00+00:00,273
FRGM6,RAGLAND HILLS,MS,US,,,,America/Chicago,285.0,31.2042,-89.178330,2,73.0,2026-07-11T06:00:00-0500,2026-07-11T11:00:00+00:00,2026-07-11T00:00:00-05:00,2026-07-11T23:03:00-05:00,2026-07-11T05:00:00+00:00,2026-07-12T04:03:00+00:00,23
G0554,GW0554 Perkinston,MS,US,,,,America/Chicago,240.0,30.73850,-89.12817,65,73.0,2026-07-11T04:20:00-0500,2026-07-11T09:20:00+00:00,2026-07-11T00:00:00-05:00,2026-07-11T23:03:00-05:00,2026-07-11T05:00:00+00:00,2026-07-12T04:03:00+00:00,273
G0610,GW0610 Metairie,LA,US,,,,America/Chicago,-1.44,29.98450,-90.13883,65,73.0,2026-07-11T13:31:00-0500,2026-07-11T18:31:00+00:00,2026-07-11T00:00:00-05:00,2026-07-11T23:03:00-05:00,2026-07-11T05:00:00+00:00,2026-07-12T04:03:00+00:00,276
G1868,GW1868 VACHERIE,LA,US,,,,America/Chicago,10.17,29.93701,-90.69312,65,73.0,2026-07-11T05:28:00-0500,2026-07-11T10:28:00+00:00,2026-07-11T00:00:00-05:00,2026-07-11T23:03:00-05:00,2026-07-11T05:00:00+00:00,2026-07-12T04:03:00+00:00,273
G1927,GW1927 SAND HILL,MS,US,,,,America/Chicago,341.21,31.34900,-88.76167,65,73.0,2026-07-11T06:01:00-0500,2026-07-11T11:01:00+00:00,2026-07-11T00:00:00-05:00,2026-07-11T23:03:00-05:00,2026-07-11T05:00:00+00:00,2026-07-12T04:03:00+00:00,93
G1930,GW1930 CHATOM,AL,US,,,,America/Chicago,154.2,31.45100,-88.19617,65,73.0,2026-07-11T04:45:00-0500,2026-07-11T09:45:00+00:00,2026-07-11T00:00:00-05:00,2026-07-11T23:03:00-05:00,2026-07-11T05:00:00+00:00,2026-07-12T04:03:00+00:00,93
G3439,GW3439 CARRIERE,MS,US,,,,America/Chicago,203.41,30.61683,-89.56067,65,73.0,2026-07-11T04:00:00-0500,2026-07-11T09:00:00+00:00,2026-07-11T00:00:00-05:00,2026-07-11T23:03:00-05:00,2026-07-11T05:00:00+00:00,2026-07-12T04:03:00+00:00,277
G6342,GW6342 BUSH,LA,US,,,,America/Chicago,183.73,30.62500,-90.04400,65,73.0,2026-07-11T03:45:00-0500,2026-07-11T08:45:00+00:00,2026-07-11T00:00:00-05:00,2026-07-11T23:03:00-05:00,2026-07-11T05:00:00+00:00,2026-07-12T04:03:00+00:00,93
G6343,GW6343 FOLSOM,LA,US,,,,America/Chicago,154.2,30.62883,-90.18833,65,73.0,2026-07-11T05:30:00-0500,2026-07-11T10:30:00+00:00,2026-07-11T00:00:00-05:00,2026-07-11T23:03:00-05:00,2026-07-11T05:00:00+00:00,2026-07-12T04:03:00+00:00,93
G7331,GW7331 FOLEY,AL,US,,,,America/Chicago,88.58,30.42767,-87.65933,65,73.0,2026-07-11T05:15:00-0500,2026-07-11T10:15:00+00:00,2026-07-11T00:00:00-05:00,2026-07-11T23:03:00-05:00,2026-07-11T05:00:00+00:00,2026-07-12T04:03:00+00:00,93
LKKM6,GREENE,MS,US,,,,America/Chicago,156.0,31.136940,-88.599720,2,73.0,2026-07-11T04:14:00-0500,2026-07-11T09:14:00+00:00,2026-07-11T00:00:00-05:00,2026-07-11T23:03:00-05:00,2026-07-11T05:00:00+00:00,2026-07-12T04:03:00+00:00,23
NNHM6,HANCOCK,MS,US,,,,America/Chicago,98.0,30.451110,-89.454440,2,73.0,2026-07-11T06:09:00-0500,2026-07-11T11:09:00+00:00,2026-07-11T00:00:00-05:00,2026-07-11T23:03:00-05:00,2026-07-11T05:00:00+00:00,2026-07-12T04:03:00+00:00,23
NWCL1,New Canal Station,LA,US,,,,America/Chicago,7.0,30.02717,-90.11342,122,73.0,2026-07-11T14:00:00-0500,2026-07-11T19:00:00+00:00,2026-07-11T00:00:00-05:00,2026-07-11T23:03:00-05:00,2026-07-11T05:00:00+00:00,2026-07-12T04:03:00+00:00,227
PRDA1,PERDIDO RIV FARMS,AL,US,,,,America/Chicago,299.0,31.10923,-87.55277,29,73.0,2026-07-11T06:00:00-0500,2026-07-11T11:00:00+00:00,2026-07-11T00:00:00-05:00,2026-07-11T23:03:00-05:00,2026-07-11T05:00:00+00:00,2026-07-12T04:03:00+00:00,23
RHCM6,COVINGTON,MS,US,,,,America/Chicago,290.0,31.749720,-89.516390,2,73.0,2026-07-11T05:09:00-0500,2026-07-11T10:09:00+00:00,2026-07-11T00:00:00-05:00,2026-07-11T23:03:00-05:00,2026-07-11T05:00:00+00:00,2026-07-12T04:03:00+00:00,23
RMAM6,MARION,MS,US,,,,America/Chicago,380.0,31.211390,-89.9225,2,73.0,2026-07-11T04:09:00-0500,2026-07-11T09:09:00+00:00,2026-07-11T00:00:00-05:00,2026-07-11T23:03:00-05:00,2026-07-11T05:00:00+00:00,2026-07-12T04:03:00+00:00,23
UP144,MELVIL,LA,US,,,,America/Chicago,36.0,30.70451,-91.82711,64,73.0,2026-07-11T03:25:00-0500,2026-07-11T08:25:00+00:00,2026-07-11T00:00:00-05:00,2026-07-11T23:03:00-05:00,2026-07-11T05:00:00+00:00,2026-07-12T04:03:00+00:00,19
UP213,PBARRE,LA,US,,,,America/Chicago,37.0,30.54235,-91.98984,64,73.0,2026-07-11T07:25:00-0500,2026-07-11T12:25:00+00:00,2026-07-11T00:00:00-05:00,2026-07-11T23:03:00-05:00,2026-07-11T05:00:00+00:00,2026-07-12T04:03:00+00:00,19
UP272,ARMANT,LA,US,,,,America/Chicago,21.0,29.99830,-90.72166,64,73.0,2026-07-11T03:30:00-0500,2026-07-11T08:30:00+00:00,2026-07-11T00:00:00-05:00,2026-07-11T23:03:00-05:00,2026-07-11T05:00:00+00:00,2026-07-12T04:03:00+00:00,21
UP862,CHNYVL,LA,US,,,,America/Chicago,69.0,30.99376,-92.25709,64,73.0,2026-07-11T05:08:00-0500,2026-07-11T10:08:00+00:00,2026-07-11T00:00:00-05:00,2026-07-11T23:03:00-05:00,2026-07-11T05:00:00+00:00,2026-07-12T04:03:00+00:00,17
UP878,MCCALL,LA,US,,,,America/Chicago,17.0,30.14032,-91.08864,64,73.0,2026-07-11T03:48:00-0500,2026-07-11T08:48:00+00:00,2026-07-11T00:00:00-05:00,2026-07-11T23:03:00-05:00,2026-07-11T05:00:00+00:00,2026-07-12T04:03:00+00:00,51
UR373,GRSTE2,LA,US,,,,America/Chicago,22.0,30.40680,-91.42288,64,73.0,2026-07-11T03:23:00-0500,2026-07-11T08:23:00+00:00,2026-07-11T00:00:00-05:00,2026-07-11T23:03:00-05:00,2026-07-11T05:00:00+00:00,2026-07-12T04:03:00+00:00,50
UR771,GRSTE1,LA,US,,,,America/Chicago,30.0,30.40680,-91.42288,64,73.0,2026-07-11T03:12:00-0500,2026-07-11T08:12:00+00:00,2026-07-11T00:00:00-05:00,2026-07-11T23:03:00-05:00,2026-07-11T05:00:00+00:00,2026-07-12T04:03:00+00:00,48
USA24,Poarch Creek,AL,US,,,,America/Chicago,294.0,31.09210,-87.54350,3011,73.0,2026-07-11T05:44:00-0500,2026-07-11T10:44:00+00:00,2026-07-11T00:00:00-05:00,2026-07-11T23:03:00-05:00,2026-07-11T05:00:00+00:00,2026-07-12T04:03:00+00:00,1305
LM030,ULM_CHAL,LA,US,,,,America/Chicago,6.0007,29.97033,-89.95386,313,73.1,2026-07-11T13:30:00-0500,2026-07-11T18:30:00+00:00,2026-07-11T00:00:00-05:00,2026-07-11T23:03:00-05:00,2026-07-11T05:00:00+00:00,2026-07-12T04:03:00+00:00,275
KBXA,"Bogalusa, George R Carr Memorial Air Field",LA,US,,,,America/Chicago,118.0,30.81361,-89.86472,1,73.2,2026-07-11T06:15:00-0500,2026-07-11T11:15:00+00:00,2026-07-11T00:00:00-05:00,2026-07-11T23:03:00-05:00,2026-07-11T05:00:00+00:00,2026-07-12T04:03:00+00:00,68
1089W,Chumuckla Elementary School,FL,US,,,,America/Chicago,217.0,30.77925,-87.22295,249,73.3,2026-07-11T13:10:00-0500,2026-07-11T18:10:00+00:00,2026-07-11T00:00:00-05:00,2026-07-11T23:03:00-05:00,2026-07-11T05:00:00+00:00,2026-07-12T04:03:00+00:00,138
K1R8,Bay Minette Municipal Airport,AL,US,,,,America/Chicago,248.0,30.87033,-87.81933,1,73.4,2026-07-11T05:50:00-0500,2026-07-11T10:50:00+00:00,2026-07-11T00:00:00-05:00,2026-07-11T23:03:00-05:00,2026-07-11T05:00:00+00:00,2026-07-12T04:03:00+00:00,32
KASD,"Slidell, Slidell Airport",LA,US,,,,America/Chicago,30.0,30.34306,-89.82194,1,73.4,2026-07-11T04:30:00-0500,2026-07-11T09:30:00+00:00,2026-07-11T00:00:00-05:00,2026-07-11T23:03:00-05:00,2026-07-11T05:00:00+00:00,2026-07-12T04:03:00+00:00,301
KBTR,"Baton Rouge, Baton Rouge Metropolitan, Ryan Field",LA,US,,,,America/Chicago,69.0,30.53722,-91.14694,1,73.4,2026-07-11T01:30:00-0500,2026-07-11T06:30:00+00:00,2026-07-11T00:00:00-05:00,2026-07-11T23:03:00-05:00,2026-07-11T05:00:00+00:00,2026-07-12T04:03:00+00:00,302
KCQF,Sonny Callahan Airport,AL,US,,,,America/Chicago,92.0,30.46100,-87.87700,1,73.4,2026-07-11T06:15:00-0500,2026-07-11T11:15:00+00:00,2026-07-11T00:00:00-05:00,2026-07-11T23:03:00-05:00,2026-07-11T05:00:00+00:00,2026-07-12T04:03:00+00:00,67
KHBG,"Hattiesburg, Bobby L Chain Municipal Airport",MS,US,,,,America/Chicago,147.0,31.26945,-89.25613,1,73.4,2026-07-11T03:55:00-0500,2026-07-11T08:55:00+00:00,2026-07-11T00:00:00-05:00,2026-07-11T23:03:00-05:00,2026-07-11T05:00:00+00:00,2026-07-12T04:03:00+00:00,298
KPIB,"Hattiesburg/Laurel, Hattiesburg-Laurel Regional Airport",MS,US,,,,America/Chicago,299.0,31.46667,-89.33333,1,73.4,2026-07-11T03:25:00-0500,2026-07-11T08:25:00+00:00,2026-07-11T00:00:00-05:00,2026-07-11T23:03:00-05:00,2026-07-11T05:00:00+00:00,2026-07-12T04:03:00+00:00,300
KPQL,Moss Point - Trent Lott International Airport,MS,US,,,,America/Chicago,16.0,30.46305,-88.53155,1,73.4,2026-07-11T04:40:00-0500,2026-07-11T09:40:00+00:00,2026-07-11T00:00:00-05:00,2026-07-11T23:03:00-05:00,2026-07-11T05:00:00+00:00,2026-07-12T04:03:00+00:00,301
MSS44,McNeill,MS,US,,,,America/Chicago,229.0,30.65967,-89.63633,236,73.4,2026-07-11T05:00:00-0500,2026-07-11T10:00:00+00:00,2026-07-11T00:00:00-05:00,2026-07-11T23:03:00-05:00,2026-07-11T05:00:00+00:00,2026-07-12T04:03:00+00:00,87
MSS38,Poplarville,MS,US,,,,America/Chicago,328.0,30.83972,-89.54644,236,73.5,2026-07-11T05:00:00-0500,2026-07-11T10:00:00+00:00,2026-07-11T00:00:00-05:00,2026-07-11T23:03:00-05:00,2026-07-11T05:00:00+00:00,2026-07-12T04:03:00+00:00,86
1890W,Municipal Yacht Harbor - Lakefront,LA,US,,,,America/Chicago,3.0,30.02836,-90.11563,249,73.6,2026-07-11T13:40:00-0500,2026-07-11T18:40:00+00:00,2026-07-11T00:00:00-05:00,2026-07-11T23:03:00-05:00,2026-07-11T05:00:00+00:00,2026-07-12T04:03:00+00:00,138
NGC11,WxRod,LA,US,,,,America/Chicago,2.1,29.96887,-90.21775,295,73.6,2026-07-11T13:30:00-0500,2026-07-11T18:30:00+00:00,2026-07-11T00:00:00-05:00,2026-07-11T23:03:00-05:00,2026-07-11T05:00:00+00:00,2026-07-12T04:03:00+00:00,90
USA19,Leaksville,MS,US,,,,America/Chicago,235.0,31.17650,-88.60010,3011,73.6,2026-07-11T05:43:00-0500,2026-07-11T10:43:00+00:00,2026-07-11T00:00:00-05:00,2026-07-11T23:03:00-05:00,2026-07-11T05:00:00+00:00,2026-07-12T04:03:00+00:00,1300
LM008,ULM_JVIL,LA,US,,,,America/Chicago,51.9997,31.58849,-91.85472,313,73.7,2026-07-11T06:05:00-0500,2026-07-11T11:05:00+00:00,2026-07-11T00:00:00-05:00,2026-07-11T23:03:00-05:00,2026-07-11T05:00:00+00:00,2026-07-12T04:03:00+00:00,274
USA7,Robertsdale,AL,US,,,,America/Chicago,154.0,30.58400,-87.73010,3011,73.7,2026-07-11T12:48:00-0500,2026-07-11T17:48:00+00:00,2026-07-11T00:00:00-05:00,2026-07-11T23:03:00-05:00,2026-07-11T05:00:00+00:00,2026-07-12T04:03:00+00:00,1298
0325W,Woodlawn Beach Middle School,FL,US,,,,America/Chicago,43.0,30.39198,-87.00908,249,73.9,2026-07-11T07:30:00-0500,2026-07-11T12:30:00+00:00,2026-07-11T00:00:00-05:00,2026-07-11T23:03:00-05:00,2026-07-11T05:00:00+00:00,2026-07-12T04:03:00+00:00,138
KNDZ,"Milton, Whiting Field South",FL,US,,,,America/Chicago,177.0,30.69722,-87.02,1,73.9,2026-07-11T03:56:00-0500,2026-07-11T08:56:00+00:00,2026-07-11T00:00:00-05:00,2026-07-11T23:03:00-05:00,2026-07-11T05:00:00+00:00,2026-07-12T04:03:00+00:00,18
KNSE,Milton - Whiting Field Naval Air Station North,FL,US,,,,America/Chicago,184.0,30.72848,-87.02192,1,73.9,2026-07-11T02:56:00-0500,2026-07-11T07:56:00+00:00,2026-07-11T00:00:00-05:00,2026-07-11T23:03:00-05:00,2026-07-11T05:00:00+00:00,2026-07-12T04:03:00+00:00,13
1683W,FSWN Escambia Century Fire Station,FL,US,,,,America/Chicago,131.0,30.95580,-87.27981,249,74.0,2026-07-11T06:30:00-0500,2026-07-11T11:30:00+00:00,2026-07-11T00:00:00-05:00,2026-07-11T23:03:00-05:00,2026-07-11T05:00:00+00:00,2026-07-12T04:03:00+00:00,138
1819W,Loyola University New Orleans - Uptown/Audubon,LA,US,,,,America/Chicago,30.0,29.93707,-90.11992,249,74.0,2026-07-11T14:20:00-0500,2026-07-11T19:20:00+00:00,2026-07-11T00:00:00-05:00,2026-07-11T23:03:00-05:00,2026-07-11T05:00:00+00:00,2026-07-12T04:03:00+00:00,138
AR152,KC5LIO Fairhope,AL,US,,,,America/Chicago,91.53,30.51833,-87.81717,65,74.0,2026-07-11T04:32:00-0500,2026-07-11T09:32:00+00:00,2026-07-11T00:00:00-05:00,2026-07-11T23:03:00-05:00,2026-07-11T05:00:00+00:00,2026-07-12T04:03:00+00:00,78
AS718,N5PRN Jena,LA,US,,,,America/Chicago,209.0,31.70200,-92.11870,65,74.0,2026-07-11T04:35:00-0500,2026-07-11T09:35:00+00:00,2026-07-11T00:00:00-05:00,2026-07-11T23:03:00-05:00,2026-07-11T05:00:00+00:00,2026-07-12T04:03:00+00:00,273
AU084,N5PA Ellisville,MS,US,,,,America/Chicago,269.03,31.62283,-89.23383,65,74.0,2026-07-11T06:10:00-0500,2026-07-11T11:10:00+00:00,2026-07-11T00:00:00-05:00,2026-07-11T23:03:00-05:00,2026-07-11T05:00:00+00:00,2026-07-12T04:03:00+00:00,277
AV585,WI5ARD Bush,LA,US,,,,America/Chicago,147.64,30.60083,-89.96933,65,74.0,2026-07-11T15:05:00-0500,2026-07-11T20:05:00+00:00,2026-07-11T00:00:00-05:00,2026-07-11T23:03:00-05:00,2026-07-11T05:00:00+00:00,2026-07-12T04:03:00+00:00,277
AW025,KF5WKW CANTONMENT,FL,US,,,,America/Chicago,65.0,30.54533,-87.33683,65,74.0,2026-07-11T03:45:00-0500,2026-07-11T08:45:00+00:00,2026-07-11T00:00:00-05:00,2026-07-11T23:03:00-05:00,2026-07-11T05:00:00+00:00,2026-07-12T04:03:00+00:00,138
AW259,N5YHM-13 ABITA SPRINGS,LA,US,,,,America/Chicago,14.99,30.47100,-90.04300,65,74.0,2026-07-11T04:40:00-0500,2026-07-11T09:40:00+00:00,2026-07-11T00:00:00-05:00,2026-07-11T23:03:00-05:00,2026-07-11T05:00:00+00:00,2026-07-12T04:03:00+00:00,273
AW575,N4SZO-7 MOBILE,AL,US,,,,America/Chicago,135.01,30.63200,-88.17850,65,74.0,2026-07-11T13:46:00-0500,2026-07-11T18:46:00+00:00,2026-07-11T00:00:00-05:00,2026-07-11T23:03:00-05:00,2026-07-11T05:00:00+00:00,2026-07-12T04:03:00+00:00,267
AX182,KD5VOO BATON ROUGE,LA,US,,,,America/Chicago,236.22,30.51533,-91.06350,65,74.0,2026-07-11T03:28:00-0500,2026-07-11T08:28:00+00:00,2026-07-11T00:00:00-05:00,2026-07-11T23:03:00-05:00,2026-07-11T05:00:00+00:00,2026-07-12T04:03:00+00:00,273
BBNL1,BIG BRANCH NWR,LA,US,,,,America/Chicago,11.0,30.321670,-89.935280,2,74.0,2026-07-11T03:47:00-0500,2026-07-11T08:47:00+00:00,2026-07-11T00:00:00-05:00,2026-07-11T23:03:00-05:00,2026-07-11T05:00:00+00:00,2026-07-12T04:03:00+00:00,23
BCCM6,BOGUE CHITTO,MS,US,,,,America/Chicago,126.0,30.661940,-89.795560,2,74.0,2026-07-11T03:12:00-0500,2026-07-11T08:12:00+00:00,2026-07-11T00:00:00-05:00,2026-07-11T23:03:00-05:00,2026-07-11T05:00:00+00:00,2026-07-12T04:03:00+00:00,23
BDEM6,BUDE,MS,US,,,,America/Chicago,447.0,31.410560,-90.846670,2,74.0,2026-07-11T05:05:00-0500,2026-07-11T10:05:00+00:00,2026-07-11T00:00:00-05:00,2026-07-11T23:03:00-05:00,2026-07-11T05:00:00+00:00,2026-07-12T04:03:00+00:00,23
BENL1,CATAHOULA,LA,US,,,,America/Chicago,230.0,31.50211,-92.46131,2,74.0,2026-07-11T03:43:00-0500,2026-07-11T08:43:00+00:00,2026-07-11T00:00:00-05:00,2026-07-11T23:03:00-05:00,2026-07-11T05:00:00+00:00,2026-07-12T04:03:00+00:00,23
C4185,CW4185 New Orleans,LA,US,,,,America/Chicago,4.69,29.95,-90.19917,65,74.0,2026-07-11T13:26:00-0500,2026-07-11T18:26:00+00:00,2026-07-11T00:00:00-05:00,2026-07-11T23:03:00-05:00,2026-07-11T05:00:00+00:00,2026-07-12T04:03:00+00:00,276
C7580,CW7580 Gramercy,LA,US,,,,America/Chicago,8.63,30.06333,-90.69917,65,74.0,2026-07-11T14:41:00-0500,2026-07-11T19:41:00+00:00,2026-07-11T00:00:00-05:00,2026-07-11T23:03:00-05:00,2026-07-11T05:00:00+00:00,2026-07-12T04:03:00+00:00,291
CKWM6,CAMP KELLER,MS,US,,,,America/Chicago,130.0,30.524230,-88.982030,2,74.0,2026-07-11T06:00:00-0500,2026-07-11T11:00:00+00:00,2026-07-11T00:00:00-05:00,2026-07-11T23:03:00-05:00,2026-07-11T05:00:00+00:00,2026-07-12T04:03:00+00:00,23
D4135,DW4135 Milton,FL,US,,,,America/Chicago,150.66,30.66033,-87.04733,65,74.0,2026-07-11T08:14:00-0500,2026-07-11T13:14:00+00:00,2026-07-11T00:00:00-05:00,2026-07-11T23:03:00-05:00,2026-07-11T05:00:00+00:00,2026-07-12T04:03:00+00:00,225
D4362,DW4362 Milton,FL,US,,,,America/Chicago,154.0,30.66826,-87.06036,65,74.0,2026-07-11T04:47:00-0500,2026-07-11T09:47:00+00:00,2026-07-11T00:00:00-05:00,2026-07-11T23:03:00-05:00,2026-07-11T05:00:00+00:00,2026-07-12T04:03:00+00:00,81
E0390,EW0390 Calvert,AL,US,,,,America/Chicago,52.4,31.14667,-87.99883,65,74.0,2026-07-11T04:43:00-0500,2026-07-11T09:43:00+00:00,2026-07-11T00:00:00-05:00,2026-07-11T23:03:00-05:00,2026-07-11T05:00:00+00:00,2026-07-12T04:03:00+00:00,241
E1090,EW1090 Metairie,LA,US,,,,America/Chicago,-0.66,30.00500,-90.14217,65,74.0,2026-07-11T13:38:00-0500,2026-07-11T18:38:00+00:00,2026-07-11T00:00:00-05:00,2026-07-11T23:03:00-05:00,2026-07-11T05:00:00+00:00,2026-07-12T04:03:00+00:00,269
E1604,EW1604 GAUTIER,MS,US,,,,America/Chicago,19.0,30.45950,-88.64750,65,74.0,2026-07-11T06:15:00-0500,2026-07-11T11:15:00+00:00,2026-07-11T00:00:00-05:00,2026-07-11T23:03:00-05:00,2026-07-11T05:00:00+00:00,2026-07-12T04:03:00+00:00,94
E1896,EW1896 Jay,FL,US,,,,America/Chicago,246.0,30.94917,-87.13217,65,74.0,2026-07-11T05:45:00-0500,2026-07-11T10:45:00+00:00,2026-07-11T00:00:00-05:00,2026-07-11T23:03:00-05:00,2026-07-11T05:00:00+00:00,2026-07-12T04:03:00+00:00,87
E7714,EW7714 Mobile,AL,US,,,,America/Chicago,183.33,30.68550,-88.27967,65,74.0,2026-07-11T05:46:00-0500,2026-07-11T10:46:00+00:00,2026-07-11T00:00:00-05:00,2026-07-11T23:03:00-05:00,2026-07-11T05:00:00+00:00,2026-07-12T04:03:00+00:00,197
E8557,EW8557 Walnut Hill,FL,US,,,,America/Chicago,254.0,30.87983,-87.50050,65,74.0,2026-07-11T05:30:00-0500,2026-07-11T10:30:00+00:00,2026-07-11T00:00:00-05:00,2026-07-11T23:03:00-05:00,2026-07-11T05:00:00+00:00,2026-07-12T04:03:00+00:00,48
E9083,W4NDF-13 METAIRIE,LA,US,,,,America/Chicago,9.0,29.98114,-90.19902,65,74.0,2026-07-11T13:13:00-0500,2026-07-11T18:13:00+00:00,2026-07-11T00:00:00-05:00,2026-07-11T23:03:00-05:00,2026-07-11T05:00:00+00:00,2026-07-12T04:03:00+00:00,273
F0324,FW0324 Thibodaux,LA,US,,,,America/Chicago,4.63,29.87333,-90.81733,65,74.0,2026-07-11T03:05:00-0500,2026-07-11T08:05:00+00:00,2026-07-11T00:00:00-05:00,2026-07-11T23:03:00-05:00,2026-07-11T05:00:00+00:00,2026-07-12T04:03:00+00:00,277
F1622,FW1622 New Orleans,LA,US,,,,America/Chicago,6.1,29.9435,-90.06983,65,74.0,2026-07-11T13:50:00-0500,2026-07-11T18:50:00+00:00,2026-07-11T00:00:00-05:00,2026-07-11T23:03:00-05:00,2026-07-11T05:00:00+00:00,2026-07-12T04:03:00+00:00,94
F4455,FW4455 Prairieville,LA,US,,,,America/Chicago,22.28,30.28850,-90.97317,65,74.0,2026-07-11T15:30:00-0500,2026-07-11T20:30:00+00:00,2026-07-11T00:00:00-05:00,2026-07-11T23:03:00-05:00,2026-07-11T05:00:00+00:00,2026-07-12T04:03:00+00:00,93
F9742,FW9742 Paulina,LA,US,,,,America/Chicago,10.01,30.03800,-90.74150,65,74.0,2026-07-11T14:22:00-0500,2026-07-11T19:22:00+00:00,2026-07-11T00:00:00-05:00,2026-07-11T23:03:00-05:00,2026-07-11T05:00:00+00:00,2026-07-12T04:03:00+00:00,273
G0093,GW0093 Mandeville,LA,US,,,,America/Chicago,6.82,30.34967,-90.06033,65,74.0,2026-07-11T05:03:00-0500,2026-07-11T10:03:00+00:00,2026-07-11T00:00:00-05:00,2026-07-11T23:03:00-05:00,2026-07-11T05:00:00+00:00,2026-07-12T04:03:00+00:00,213
G0582,GW0582 Slidel,LA,US,,,,America/Chicago,18.6,30.31983,-89.77150,65,74.0,2026-07-11T14:20:00-0500,2026-07-11T19:20:00+00:00,2026-07-11T00:00:00-05:00,2026-07-11T23:03:00-05:00,2026-07-11T05:00:00+00:00,2026-07-12T04:03:00+00:00,278
G2037,GW2037 WILMER,AL,US,,,,America/Chicago,241.01,30.87717,-88.25950,65,74.0,2026-07-11T04:50:00-0500,2026-07-11T09:50:00+00:00,2026-07-11T00:00:00-05:00,2026-07-11T23:03:00-05:00,2026-07-11T05:00:00+00:00,2026-07-12T04:03:00+00:00,268
G4508,GW4508 MONROEVILLE,AL,US,,,,America/Chicago,419.95,31.46317,-87.35017,65,74.0,2026-07-11T06:00:00-0500,2026-07-11T11:00:00+00:00,2026-07-11T00:00:00-05:00,2026-07-11T23:03:00-05:00,2026-07-11T05:00:00+00:00,2026-07-12T04:03:00+00:00,93
G4772,GW4772 GATESWOOD,AL,US,,,,America/Chicago,177.16,30.70833,-87.54767,65,74.0,2026-07-11T04:30:00-0500,2026-07-11T09:30:00+00:00,2026-07-11T00:00:00-05:00,2026-07-11T23:03:00-05:00,2026-07-11T05:00:00+00:00,2026-07-12T04:03:00+00:00,93
G4801,GW4801 METAIRIE,LA,US,,,,America/Chicago,0.0,29.98333,-90.21667,65,74.0,2026-07-11T13:34:00-0500,2026-07-11T18:34:00+00:00,2026-07-11T00:00:00-05:00,2026-07-11T23:03:00-05:00,2026-07-11T05:00:00+00:00,2026-07-12T04:03:00+00:00,270
G5674,GW5674 MONTEREY,LA,US,,,,America/Chicago,50.0,31.31283,-91.83450,65,74.0,2026-07-11T03:53:00-0500,2026-07-11T08:53:00+00:00,2026-07-11T00:00:00-05:00,2026-07-11T23:03:00-05:00,2026-07-11T05:00:00+00:00,2026-07-12T04:03:00+00:00,84
G5906,GW5906 EDGARD,LA,US,,,,America/Chicago,24.41,30.04533,-90.56333,65,74.0,2026-07-11T14:05:00-0500,2026-07-11T19:05:00+00:00,2026-07-11T00:00:00-05:00,2026-07-11T23:03:00-05:00,2026-07-11T05:00:00+00:00,2026-07-12T04:03:00+00:00,274
G6059,GW6059 PEARL RIVER,LA,US,,,,America/Chicago,39.37,30.36817,-89.77317,65,74.0,2026-07-11T04:15:00-0500,2026-07-11T09:15:00+00:00,2026-07-11T00:00:00-05:00,2026-07-11T23:03:00-05:00,2026-07-11T05:00:00+00:00,2026-07-12T04:03:00+00:00,93
G6346,GW6346 LACOMBE,LA,US,,,,America/Chicago,22.97,30.35700,-89.92183,65,74.0,2026-07-11T04:15:00-0500,2026-07-11T09:15:00+00:00,2026-07-11T00:00:00-05:00,2026-07-11T23:03:00-05:00,2026-07-11T05:00:00+00:00,2026-07-12T04:03:00+00:00,84
G6357,GW6357 SLIDELL,LA,US,,,,America/Chicago,16.4,30.31283,-89.81633,65,74.0,2026-07-11T04:45:00-0500,2026-07-11T09:45:00+00:00,2026-07-11T00:00:00-05:00,2026-07-11T23:03:00-05:00,2026-07-11T05:00:00+00:00,2026-07-12T04:03:00+00:00,93
GRBM6,GRAND BAY,MS,US,,,,America/Chicago,7.0,30.438330,-88.425560,2,74.0,2026-07-11T04:50:00-0500,2026-07-11T09:50:00+00:00,2026-07-11T00:00:00-05:00,2026-07-11T23:03:00-05:00,2026-07-11T05:00:00+00:00,2026-07-12T04:03:00+00:00,23
SFPL1,FRITCHIE PORTABLE,LA,US,,,,America/Chicago,3.0,30.244170,-89.721390,2,74.0,2026-07-11T04:17:00-0500,2026-07-11T09:17:00+00:00,2026-07-11T00:00:00-05:00,2026-07-11T23:03:00-05:00,2026-07-11T05:00:00+00:00,2026-07-12T04:03:00+00:00,23
UP161,FORDOC,LA,US,,,,America/Chicago,35.0,30.59352,-91.61386,64,74.0,2026-07-11T04:34:00-0500,2026-07-11T09:34:00+00:00,2026-07-11T00:00:00-05:00,2026-07-11T23:03:00-05:00,2026-07-11T05:00:00+00:00,2026-07-12T04:03:00+00:00,53
UP866,DONVLE,LA,US,,,,America/Chicago,19.0,30.05690,-90.93188,64,74.0,2026-07-11T04:03:00-0500,2026-07-11T09:03:00+00:00,2026-07-11T00:00:00-05:00,2026-07-11T23:03:00-05:00,2026-07-11T05:00:00+00:00,2026-07-12T04:03:00+00:00,51
UR391,WILGLN,LA,US,,,,America/Chicago,83.0,31.17714,-92.48389,64,74.0,2026-07-11T04:29:00-0500,2026-07-11T09:29:00+00:00,2026-07-11T00:00:00-05:00,2026-07-11T23:03:00-05:00,2026-07-11T05:00:00+00:00,2026-07-12T04:03:00+00:00,45
AESM6,Agricola,MS,US,,,,America/Chicago,225.0,30.81700,-88.52050,3011,74.1,2026-07-11T05:29:00-0500,2026-07-11T10:29:00+00:00,2026-07-11T00:00:00-05:00,2026-07-11T23:03:00-05:00,2026-07-11T05:00:00+00:00,2026-07-12T04:03:00+00:00,1335
LSU11,StGabUSDACR6,LA,US,,,,America/Chicago,20.0,30.26630,-91.10629,256,74.1,2026-07-11T05:35:00-0500,2026-07-11T10:35:00+00:00,2026-07-11T00:00:00-05:00,2026-07-11T23:03:00-05:00,2026-07-11T05:00:00+00:00,2026-07-12T04:03:00+00:00,1375
USA11,Loxley,AL,US,,,,America/Chicago,184.0,30.64030,-87.73150,3011,74.1,2026-07-11T05:05:00-0500,2026-07-11T10:05:00+00:00,2026-07-11T00:00:00-05:00,2026-07-11T23:03:00-05:00,2026-07-11T05:00:00+00:00,2026-07-12T04:03:00+00:00,1295
NORL1,MISSISSIPPI RIVER AT CARROLLTON GAGE AT NEW ORLEANS,LA,US,,,,America/Chicago,20.0,29.93472,-90.13611,106,74.2,2026-07-11T14:00:00-0500,2026-07-11T19:00:00+00:00,2026-07-11T00:00:00-05:00,2026-07-11T23:03:00-05:00,2026-07-11T05:00:00+00:00,2026-07-12T04:03:00+00:00,23
USA8,Elberta,AL,US,,,,America/Chicago,73.0,30.41130,-87.58500,3011,74.2,2026-07-11T05:15:00-0500,2026-07-11T10:15:00+00:00,2026-07-11T00:00:00-05:00,2026-07-11T23:03:00-05:00,2026-07-11T05:00:00+00:00,2026-07-12T04:03:00+00:00,1293
1887W,NOFD Logistics - Navarre,LA,US,,,,America/Chicago,10.0,29.98489,-90.10899,249,74.3,2026-07-11T14:10:00-0500,2026-07-11T19:10:00+00:00,2026-07-11T00:00:00-05:00,2026-07-11T23:03:00-05:00,2026-07-11T05:00:00+00:00,2026-07-12T04:03:00+00:00,127
K0R4,Vidalia Concordia Parish,LA,US,,,,America/Chicago,54.0,31.5620,-91.5065,1,74.3,2026-07-11T06:15:00-0500,2026-07-11T11:15:00+00:00,2026-07-11T00:00:00-05:00,2026-07-11T23:03:00-05:00,2026-07-11T05:00:00+00:00,2026-07-12T04:03:00+00:00,63
KAPS,Port of South Louisiana Executive Regional Airport,LA,US,,,,America/Chicago,7.0,30.08747,-90.58283,1,74.3,2026-07-11T14:15:00-0500,2026-07-11T19:15:00+00:00,2026-07-11T00:00:00-05:00,2026-07-11T23:03:00-05:00,2026-07-11T05:00:00+00:00,2026-07-12T04:03:00+00:00,63
KLUL,LAUREL/NOBLE FIELD,MS,US,,,,America/Chicago,240.0,31.67,-89.17,1,74.3,2026-07-11T06:35:00-0500,2026-07-11T11:35:00+00:00,2026-07-11T00:00:00-05:00,2026-07-11T23:03:00-05:00,2026-07-11T05:00:00+00:00,2026-07-12T04:03:00+00:00,65
LM012,ULM_JENA,LA,US,,,,America/Chicago,211.0,31.66897,-92.15916,313,74.3,2026-07-11T04:35:00-0500,2026-07-11T09:35:00+00:00,2026-07-11T00:00:00-05:00,2026-07-11T23:03:00-05:00,2026-07-11T05:00:00+00:00,2026-07-12T04:03:00+00:00,275
USA1,USA West,AL,US,,,,America/Chicago,170.0,30.69440,-88.19440,3011,74.3,2026-07-11T12:58:00-0500,2026-07-11T17:58:00+00:00,2026-07-11T00:00:00-05:00,2026-07-11T23:03:00-05:00,2026-07-11T05:00:00+00:00,2026-07-12T04:03:00+00:00,1301
1878W,NOPD Stables - City Park,LA,US,,,,America/Chicago,10.0,30.00485,-90.09718,249,74.4,2026-07-11T14:10:00-0500,2026-07-11T19:10:00+00:00,2026-07-11T00:00:00-05:00,2026-07-11T23:03:00-05:00,2026-07-11T05:00:00+00:00,2026-07-12T04:03:00+00:00,138
LSU01,BenHur,LA,US,,,,America/Chicago,20.0,30.36437,-91.16726,256,74.4,2026-07-11T05:15:00-0500,2026-07-11T10:15:00+00:00,2026-07-11T00:00:00-05:00,2026-07-11T23:03:00-05:00,2026-07-11T05:00:00+00:00,2026-07-12T04:03:00+00:00,1376
LSU07,R&D Research,LA,US,,,,America/Chicago,36.0,30.61358,-91.97538,256,74.4,2026-07-11T14:02:00-0500,2026-07-11T19:02:00+00:00,2026-07-11T00:00:00-05:00,2026-07-11T23:03:00-05:00,2026-07-11T05:00:00+00:00,2026-07-12T04:03:00+00:00,1337
LSU04,DeanLee,LA,US,,,,America/Chicago,72.0,31.17697,-92.40604,256,74.5,2026-07-11T05:30:00-0500,2026-07-11T10:30:00+00:00,2026-07-11T00:00:00-05:00,2026-07-11T23:03:00-05:00,2026-07-11T05:00:00+00:00,2026-07-12T04:03:00+00:00,1376
LSU05,Iberia,LA,US,,,,America/Chicago,23.0,29.95985,-91.71488,256,74.5,2026-07-11T16:25:00-0500,2026-07-11T21:25:00+00:00,2026-07-11T00:00:00-05:00,2026-07-11T23:03:00-05:00,2026-07-11T05:00:00+00:00,2026-07-12T04:03:00+00:00,1376
2161W,Erwinville Community Center,LA,US,,,,America/Chicago,72.0,30.54203,-91.36364,249,74.7,2026-07-11T22:40:00-0500,2026-07-12T03:40:00+00:00,2026-07-11T00:00:00-05:00,2026-07-11T23:03:00-05:00,2026-07-11T05:00:00+00:00,2026-07-12T04:03:00+00:00,138
TFBM6,TNC FORT BAYOU,MS,US,,,,America/Chicago,43.0,30.47120,-88.74162,29,74.7,2026-07-11T06:00:00-0500,2026-07-11T11:00:00+00:00,2026-07-11T00:00:00-05:00,2026-07-11T23:03:00-05:00,2026-07-11T05:00:00+00:00,2026-07-12T04:03:00+00:00,23
USA13,Atmore,AL,US,,,,America/Chicago,285.0,31.01560,-87.44510,3011,74.7,2026-07-11T05:23:00-0500,2026-07-11T10:23:00+00:00,2026-07-11T00:00:00-05:00,2026-07-11T23:03:00-05:00,2026-07-11T05:00:00+00:00,2026-07-12T04:03:00+00:00,1300
USA3,Grand Bay,AL,US,,,,America/Chicago,54.0,30.50650,-88.36800,3011,74.7,2026-07-11T06:12:00-0500,2026-07-11T11:12:00+00:00,2026-07-11T00:00:00-05:00,2026-07-11T23:03:00-05:00,2026-07-11T05:00:00+00:00,2026-07-12T04:03:00+00:00,1300
1815W,New Orleans City Hall - Central Business District,LA,US,,,,America/Chicago,39.0,29.95203,-90.07713,249,74.8,2026-07-11T14:00:00-0500,2026-07-11T19:00:00+00:00,2026-07-11T00:00:00-05:00,2026-07-11T23:03:00-05:00,2026-07-11T05:00:00+00:00,2026-07-12T04:03:00+00:00,138
2248W,Regional Transit Authority - Mid City,LA,US,,,,America/Chicago,148.0,29.96720,-90.08893,249,74.8,2026-07-11T13:50:00-0500,2026-07-11T18:50:00+00:00,2026-07-11T00:00:00-05:00,2026-07-11T23:03:00-05:00,2026-07-11T05:00:00+00:00,2026-07-12T04:03:00+00:00,138
KOPA1,KOPTIS FARMS,AL,US,,,,America/Chicago,135.0,30.52380,-87.69797,29,74.8,2026-07-11T06:00:00-0500,2026-07-11T11:00:00+00:00,2026-07-11T00:00:00-05:00,2026-07-11T23:03:00-05:00,2026-07-11T05:00:00+00:00,2026-07-12T04:03:00+00:00,23
KREG,Louisiana Regional Airport,LA,US,,,,America/Chicago,14.0,30.1714,-90.9404,1,74.8,2026-07-11T02:55:00-0500,2026-07-11T07:55:00+00:00,2026-07-11T00:00:00-05:00,2026-07-11T23:03:00-05:00,2026-07-11T05:00:00+00:00,2026-07-12T04:03:00+00:00,68
1826W,SWBNO East Bank Water Intake- Carrollton Bend,LA,US,,,,America/Chicago,10.0,29.95499,-90.13982,249,74.9,2026-07-11T14:10:00-0500,2026-07-11T19:10:00+00:00,2026-07-11T00:00:00-05:00,2026-07-11T23:03:00-05:00,2026-07-11T05:00:00+00:00,2026-07-12T04:03:00+00:00,138
CADL1,USCRN SITE AT UNIVERSITY OF LOUISIANA AT LAFAYETTE - CADE FARM NEAR LAFAYETTE 13SE,LA,US,,,,America/Chicago,32.0,30.09167,-91.87306,123,74.9,2026-07-11T05:10:00-0500,2026-07-11T10:10:00+00:00,2026-07-11T00:00:00-05:00,2026-07-11T23:03:00-05:00,2026-07-11T05:00:00+00:00,2026-07-12T04:03:00+00:00,271
LM009,ULM_ACME,LA,US,,,,America/Chicago,44.9997,31.34476,-91.71883,313,74.9,2026-07-11T04:30:00-0500,2026-07-11T09:30:00+00:00,2026-07-11T00:00:00-05:00,2026-07-11T23:03:00-05:00,2026-07-11T05:00:00+00:00,2026-07-12T04:03:00+00:00,274
LM026,ULM_VILP,LA,US,,,,America/Chicago,70.0,30.65821,-92.27666,313,74.9,2026-07-11T05:50:00-0500,2026-07-11T10:50:00+00:00,2026-07-11T00:00:00-05:00,2026-07-11T23:03:00-05:00,2026-07-11T05:00:00+00:00,2026-07-12T04:03:00+00:00,274
USA23,Jay,FL,US,,,,America/Chicago,260.0,30.94840,-87.17060,3011,74.9,2026-07-11T06:17:00-0500,2026-07-11T11:17:00+00:00,2026-07-11T00:00:00-05:00,2026-07-11T23:03:00-05:00,2026-07-11T05:00:00+00:00,2026-07-12T04:03:00+00:00,1305
USA9,Fairhope,AL,US,,,,America/Chicago,125.0,30.54120,-87.88190,3011,74.9,2026-07-11T05:52:00-0500,2026-07-11T10:52:00+00:00,2026-07-11T00:00:00-05:00,2026-07-11T23:03:00-05:00,2026-07-11T05:00:00+00:00,2026-07-12T04:03:00+00:00,1310
1972W,Harbor Police Headquarters - Irish Channel,LA,US,,,,America/Chicago,13.0,29.92063,-90.07651,249,75.0,2026-07-11T13:50:00-0500,2026-07-11T18:50:00+00:00,2026-07-11T00:00:00-05:00,2026-07-11T23:03:00-05:00,2026-07-11T05:00:00+00:00,2026-07-12T04:03:00+00:00,138
AX128,KN4CGX PENSACOLA,FL,US,,,,America/Chicago,111.55,30.51750,-87.36583,65,75.0,2026-07-11T04:00:00-0500,2026-07-11T09:00:00+00:00,2026-07-11T00:00:00-05:00,2026-07-11T23:03:00-05:00,2026-07-11T05:00:00+00:00,2026-07-12T04:03:00+00:00,93
BLCM6,BLACK CREEK,MS,US,,,,America/Chicago,277.0,30.848930,-89.033920,2,75.0,2026-07-11T01:00:00-0500,2026-07-11T06:00:00+00:00,2026-07-11T00:00:00-05:00,2026-07-11T23:03:00-05:00,2026-07-11T05:00:00+00:00,2026-07-12T04:03:00+00:00,23
C1353,CW1353 Mobile,AL,US,,,,America/Chicago,160.6,30.60783,-88.25833,65,75.0,2026-07-11T06:21:00-0500,2026-07-11T11:21:00+00:00,2026-07-11T00:00:00-05:00,2026-07-11T23:03:00-05:00,2026-07-11T05:00:00+00:00,2026-07-12T04:03:00+00:00,139
C5236,CW5236 PENSACOLA,FL,US,,,,America/Chicago,83.66,30.47172,-87.31883,65,75.0,2026-07-11T04:15:00-0500,2026-07-11T09:15:00+00:00,2026-07-11T00:00:00-05:00,2026-07-11T23:03:00-05:00,2026-07-11T05:00:00+00:00,2026-07-12T04:03:00+00:00,277
C5600,KG5FQT Paulina,LA,US,,,,America/Chicago,6.0,30.03957,-90.71437,65,75.0,2026-07-11T05:00:00-0500,2026-07-11T10:00:00+00:00,2026-07-11T00:00:00-05:00,2026-07-11T23:03:00-05:00,2026-07-11T05:00:00+00:00,2026-07-12T04:03:00+00:00,47
C6488,CW6488 Covington,LA,US,,,,America/Chicago,28.74,30.488,-90.14033,65,75.0,2026-07-11T06:15:00-0500,2026-07-11T11:15:00+00:00,2026-07-11T00:00:00-05:00,2026-07-11T23:03:00-05:00,2026-07-11T05:00:00+00:00,2026-07-12T04:03:00+00:00,72
COOPJNEL1,JONESVILLE LOCKS,LA,US,,,,America/Chicago,70.0,31.4825,-91.8627,74,75.0,2026-07-11T05:00:00-0500,2026-07-11T10:00:00+00:00,2026-07-11T00:00:00-05:00,2026-07-11T23:03:00-05:00,2026-07-11T05:00:00+00:00,2026-07-12T04:03:00+00:00,1
D1458,DW1458 Foley,AL,US,,,,America/Chicago,61.61,30.404,-87.66983,65,75.0,2026-07-11T04:30:00-0500,2026-07-11T09:30:00+00:00,2026-07-11T00:00:00-05:00,2026-07-11T23:03:00-05:00,2026-07-11T05:00:00+00:00,2026-07-12T04:03:00+00:00,93
D6471,DW6471 Daphne,AL,US,,,,America/Chicago,158.99,30.63016,-87.86720,65,75.0,2026-07-11T05:32:00-0500,2026-07-11T10:32:00+00:00,2026-07-11T00:00:00-05:00,2026-07-11T23:03:00-05:00,2026-07-11T05:00:00+00:00,2026-07-12T04:03:00+00:00,269
E1043,EW1043 Lutcher,LA,US,,,,America/Chicago,10.56,30.05633,-90.69917,65,75.0,2026-07-11T14:45:00-0500,2026-07-11T19:45:00+00:00,2026-07-11T00:00:00-05:00,2026-07-11T23:03:00-05:00,2026-07-11T05:00:00+00:00,2026-07-12T04:03:00+00:00,93
F1110,FW1110 Kenner,LA,US,,,,America/Chicago,-4.4,30.02850,-90.22450,65,75.0,2026-07-11T13:45:00-0500,2026-07-11T18:45:00+00:00,2026-07-11T00:00:00-05:00,2026-07-11T23:03:00-05:00,2026-07-11T05:00:00+00:00,2026-07-12T04:03:00+00:00,93
F1193,FW1193 St. Gabriel,LA,US,,,,America/Chicago,16.0,30.30833,-91.101,65,75.0,2026-07-11T03:41:00-0500,2026-07-11T08:41:00+00:00,2026-07-11T00:00:00-05:00,2026-07-11T23:03:00-05:00,2026-07-11T05:00:00+00:00,2026-07-12T04:03:00+00:00,265
F1704,FW1704 Mandeville,LA,US,,,,America/Chicago,19.95,30.41800,-90.07300,65,75.0,2026-07-11T03:50:00-0500,2026-07-11T08:50:00+00:00,2026-07-11T00:00:00-05:00,2026-07-11T23:03:00-05:00,2026-07-11T05:00:00+00:00,2026-07-12T04:03:00+00:00,277
F4663,FW4663 Thibodaux,LA,US,,,,America/Chicago,5.61,29.77467,-90.78567,65,75.0,2026-07-11T13:30:00-0500,2026-07-11T18:30:00+00:00,2026-07-11T00:00:00-05:00,2026-07-11T23:03:00-05:00,2026-07-11T05:00:00+00:00,2026-07-12T04:03:00+00:00,93
F6181,FW6181 Mandeville,LA,US,,,,America/Chicago,16.44,30.38783,-90.06633,65,75.0,2026-07-11T05:30:00-0500,2026-07-11T10:30:00+00:00,2026-07-11T00:00:00-05:00,2026-07-11T23:03:00-05:00,2026-07-11T05:00:00+00:00,2026-07-12T04:03:00+00:00,93
F6464,FW6464 Long Beach,MS,US,,,,America/Chicago,22.97,30.36467,-89.18633,65,75.0,2026-07-11T05:15:00-0500,2026-07-11T10:15:00+00:00,2026-07-11T00:00:00-05:00,2026-07-11T23:03:00-05:00,2026-07-11T05:00:00+00:00,2026-07-12T04:03:00+00:00,93
F7671,FW7671 Mt Airy,LA,US,,,,America/Chicago,20.87,30.05383,-90.64250,65,75.0,2026-07-11T15:30:00-0500,2026-07-11T20:30:00+00:00,2026-07-11T00:00:00-05:00,2026-07-11T23:03:00-05:00,2026-07-11T05:00:00+00:00,2026-07-12T04:03:00+00:00,93
F7679,FW7679 Slidell,LA,US,,,,America/Chicago,14.76,30.22717,-89.80317,65,75.0,2026-07-11T01:26:00-0500,2026-07-11T06:26:00+00:00,2026-07-11T00:00:00-05:00,2026-07-11T23:03:00-05:00,2026-07-11T05:00:00+00:00,2026-07-12T04:03:00+00:00,274
F7862,FW7862 Mandeville,LA,US,,,,America/Chicago,20.47,30.37933,-90.02150,65,75.0,2026-07-11T03:30:00-0500,2026-07-11T08:30:00+00:00,2026-07-11T00:00:00-05:00,2026-07-11T23:03:00-05:00,2026-07-11T05:00:00+00:00,2026-07-12T04:03:00+00:00,273
F7886,FW7886 BATON ROUGE,LA,US,,,,America/Chicago,22.8,30.33122,-91.12713,65,75.0,2026-07-11T06:10:00-0500,2026-07-11T11:10:00+00:00,2026-07-11T00:00:00-05:00,2026-07-11T23:03:00-05:00,2026-07-11T05:00:00+00:00,2026-07-12T04:03:00+00:00,271
F9403,FW9403 Summerdale,AL,US,,,,America/Chicago,129.0,30.48733,-87.74317,65,75.0,2026-07-11T04:34:00-0500,2026-07-11T09:34:00+00:00,2026-07-11T00:00:00-05:00,2026-07-11T23:03:00-05:00,2026-07-11T05:00:00+00:00,2026-07-12T04:03:00+00:00,273
G2684,GW2684 Robertsdale,AL,US,,,,America/Chicago,141.08,30.53967,-87.71467,65,75.0,2026-07-11T05:35:00-0500,2026-07-11T10:35:00+00:00,2026-07-11T00:00:00-05:00,2026-07-11T23:03:00-05:00,2026-07-11T05:00:00+00:00,2026-07-12T04:03:00+00:00,277
G4271,GW4271 GULF BREEZE,FL,US,,,,America/Chicago,14.99,30.38633,-87.05217,65,75.0,2026-07-11T08:01:00-0500,2026-07-11T13:01:00+00:00,2026-07-11T00:00:00-05:00,2026-07-11T23:03:00-05:00,2026-07-11T05:00:00+00:00,2026-07-12T04:03:00+00:00,273
G4878,GW4878 CITRONELLE,AL,US,,,,America/Chicago,301.84,31.09050,-88.22900,65,75.0,2026-07-11T04:30:00-0500,2026-07-11T09:30:00+00:00,2026-07-11T00:00:00-05:00,2026-07-11T23:03:00-05:00,2026-07-11T05:00:00+00:00,2026-07-12T04:03:00+00:00,93
G5294,GW5294 BATON ROUGE,LA,US,,,,America/Chicago,19.68,30.36583,-91.04050,65,75.0,2026-07-11T15:32:00-0500,2026-07-11T20:32:00+00:00,2026-07-11T00:00:00-05:00,2026-07-11T23:03:00-05:00,2026-07-11T05:00:00+00:00,2026-07-12T04:03:00+00:00,115
G5379,GW5379 GONZALES,LA,US,,,,America/Chicago,9.84,30.23233,-90.93133,65,75.0,2026-07-11T02:16:00-0500,2026-07-11T07:16:00+00:00,2026-07-11T00:00:00-05:00,2026-07-11T23:03:00-05:00,2026-07-11T05:00:00+00:00,2026-07-12T04:03:00+00:00,273
G6029,GW6029 FOLEY,AL,US,,,,America/Chicago,278.87,30.41333,-87.69133,65,75.0,2026-07-11T12:11:00-0500,2026-07-11T17:11:00+00:00,2026-07-11T00:00:00-05:00,2026-07-11T23:03:00-05:00,2026-07-11T05:00:00+00:00,2026-07-12T04:03:00+00:00,273
G6243,GW6243 PETAL,MS,US,,,,America/Chicago,515.09,31.35150,-89.20467,65,75.0,2026-07-11T04:45:00-0500,2026-07-11T09:45:00+00:00,2026-07-11T00:00:00-05:00,2026-07-11T23:03:00-05:00,2026-07-11T05:00:00+00:00,2026-07-12T04:03:00+00:00,93
G6440,GW6440 LACOMBE,LA,US,,,,America/Chicago,91.86,30.31150,-89.93917,65,75.0,2026-07-11T03:30:00-0500,2026-07-11T08:30:00+00:00,2026-07-11T00:00:00-05:00,2026-07-11T23:03:00-05:00,2026-07-11T05:00:00+00:00,2026-07-12T04:03:00+00:00,93
G6841,GW6841 BREAUX BRIDGE,LA,US,,,,America/Chicago,23.0,30.25950,-91.84000,65,75.0,2026-07-11T04:49:00-0500,2026-07-11T09:49:00+00:00,2026-07-11T00:00:00-05:00,2026-07-11T23:03:00-05:00,2026-07-11T05:00:00+00:00,2026-07-12T04:03:00+00:00,274
G6990,GW6990 PACE,FL,US,,,,America/Chicago,144.36,30.65700,-87.14667,65,75.0,2026-07-11T04:37:00-0500,2026-07-11T09:37:00+00:00,2026-07-11T00:00:00-05:00,2026-07-11T23:03:00-05:00,2026-07-11T05:00:00+00:00,2026-07-12T04:03:00+00:00,273
G7409,GW7409 PINEVILLE,LA,US,,,,America/Chicago,157.48,31.40633,-92.46217,65,75.0,2026-07-11T05:50:00-0500,2026-07-11T10:50:00+00:00,2026-07-11T00:00:00-05:00,2026-07-11T23:03:00-05:00,2026-07-11T05:00:00+00:00,2026-07-12T04:03:00+00:00,277
G7632,GW7632 PORT ALLEN,LA,US,,,,America/Chicago,9.84,30.46767,-91.26617,65,75.0,2026-07-11T03:25:00-0500,2026-07-11T08:25:00+00:00,2026-07-11T00:00:00-05:00,2026-07-11T23:03:00-05:00,2026-07-11T05:00:00+00:00,2026-07-12T04:03:00+00:00,273
GHAA1,GROVE HILL,AL,US,,,,America/Chicago,445.0,31.690690,-87.760580,2,75.0,2026-07-11T04:26:00-0500,2026-07-11T09:26:00+00:00,2026-07-11T00:00:00-05:00,2026-07-11T23:03:00-05:00,2026-07-11T05:00:00+00:00,2026-07-12T04:03:00+00:00,23
KARA,Acadiana Regional Airport,LA,US,,,,America/Chicago,13.0,30.02918,-91.88451,1,75.0,2026-07-11T17:17:00-0500,2026-07-11T22:17:00+00:00,2026-07-11T00:00:00-05:00,2026-07-11T23:03:00-05:00,2026-07-11T05:00:00+00:00,2026-07-12T04:03:00+00:00,301
KHEZ,"Natchez, Hardy-Anders Field Natchez-Adams County Airport",MS,US,,,,America/Chicago,264.0,31.61593,-91.29724,1,75.0,2026-07-11T04:56:00-0500,2026-07-11T09:56:00+00:00,2026-07-11T00:00:00-05:00,2026-07-11T23:03:00-05:00,2026-07-11T05:00:00+00:00,2026-07-12T04:03:00+00:00,305
KMOB,"Mobile, Mobile Regional Airport",AL,US,,,,America/Chicago,217.0,30.68833,-88.24556,1,75.0,2026-07-11T05:56:00-0500,2026-07-11T10:56:00+00:00,2026-07-11T00:00:00-05:00,2026-07-11T23:03:00-05:00,2026-07-11T05:00:00+00:00,2026-07-12T04:03:00+00:00,296
KNBG,New Orleans Naval Air Station - Alvin Callender Field,LA,US,,,,America/Chicago,0.0,29.83736,-90.02445,1,75.0,2026-07-11T04:55:00-0500,2026-07-11T09:55:00+00:00,2026-07-11T00:00:00-05:00,2026-07-11T23:03:00-05:00,2026-07-11T05:00:00+00:00,2026-07-12T04:03:00+00:00,23
SHCM6,MS SANDHILL CRANE - FTS,MS,US,,,,America/Chicago,25.0,30.452780,-88.661670,2,75.0,2026-07-11T05:51:00-0500,2026-07-11T10:51:00+00:00,2026-07-11T00:00:00-05:00,2026-07-11T23:03:00-05:00,2026-07-11T05:00:00+00:00,2026-07-12T04:03:00+00:00,23
TESL1,Berwick,LA,US,,,,America/Chicago,10.0,29.66750,-91.23761,122,75.0,2026-07-11T16:00:00-0500,2026-07-11T21:00:00+00:00,2026-07-11T00:00:00-05:00,2026-07-11T23:03:00-05:00,2026-07-11T05:00:00+00:00,2026-07-12T04:03:00+00:00,227
UP884,SIMMS,LA,US,,,,America/Chicago,192.0,31.46255,-92.42326,64,75.0,2026-07-11T02:06:00-0500,2026-07-11T07:06:00+00:00,2026-07-11T00:00:00-05:00,2026-07-11T23:03:00-05:00,2026-07-11T05:00:00+00:00,2026-07-12T04:03:00+00:00,15
1885W,NOFD Rescue Squad 7 - Treme,LA,US,,,,America/Chicago,10.0,29.96268,-90.07154,249,75.1,2026-07-11T14:10:00-0500,2026-07-11T19:10:00+00:00,2026-07-11T00:00:00-05:00,2026-07-11T23:03:00-05:00,2026-07-11T05:00:00+00:00,2026-07-12T04:03:00+00:00,138
1208W,Northview High School,FL,US,,,,America/Chicago,276.0,30.96756,-87.40608,249,75.2,2026-07-11T05:50:00-0500,2026-07-11T10:50:00+00:00,2026-07-11T00:00:00-05:00,2026-07-11T23:03:00-05:00,2026-07-11T05:00:00+00:00,2026-07-12T04:03:00+00:00,138
KBFM,"Mobile, Mobile Downtown Airport",AL,US,,,,America/Chicago,23.0,30.61389,-88.06333,1,75.2,2026-07-11T04:40:00-0500,2026-07-11T09:40:00+00:00,2026-07-11T00:00:00-05:00,2026-07-11T23:03:00-05:00,2026-07-11T05:00:00+00:00,2026-07-12T04:03:00+00:00,300
KGPT,Gulfport - Gulfport-Biloxi International Airport,MS,US,,,,America/Chicago,26.0,30.41194,-89.08083,1,75.2,2026-07-11T06:00:00-0500,2026-07-11T11:00:00+00:00,2026-07-11T00:00:00-05:00,2026-07-11T23:03:00-05:00,2026-07-11T05:00:00+00:00,2026-07-12T04:03:00+00:00,295
KHSA,"Bay St. Louis, Stennis International Airport",MS,US,,,,America/Chicago,23.0,30.36778,-89.45472,1,75.2,2026-07-11T06:47:00-0500,2026-07-11T11:47:00+00:00,2026-07-11T00:00:00-05:00,2026-07-11T23:03:00-05:00,2026-07-11T05:00:00+00:00,2026-07-12T04:03:00+00:00,14
KHUM,Houma-Terrebonne Airport,LA,US,,,,America/Chicago,3.0,29.56341,-90.66283,1,75.2,2026-07-11T13:50:00-0500,2026-07-11T18:50:00+00:00,2026-07-11T00:00:00-05:00,2026-07-11T23:03:00-05:00,2026-07-11T05:00:00+00:00,2026-07-12T04:03:00+00:00,14
KHZR,New Roads False River Regional Airport,LA,US,,,,America/Chicago,39.0,30.7183,-91.4787,1,75.2,2026-07-11T04:35:00-0500,2026-07-11T09:35:00+00:00,2026-07-11T00:00:00-05:00,2026-07-11T23:03:00-05:00,2026-07-11T05:00:00+00:00,2026-07-12T04:03:00+00:00,67
KLFT,"Lafayette, Lafayette Regional Airport",LA,US,,,,America/Chicago,39.0,30.20222,-91.99306,1,75.2,2026-07-11T03:10:00-0500,2026-07-11T08:10:00+00:00,2026-07-11T00:00:00-05:00,2026-07-11T23:03:00-05:00,2026-07-11T05:00:00+00:00,2026-07-12T04:03:00+00:00,298
KMSY,"New Orleans, New Orleans International Airport",LA,US,,,,America/Chicago,3.0,29.99278,-90.25083,1,75.2,2026-07-11T13:55:00-0500,2026-07-11T18:55:00+00:00,2026-07-11T00:00:00-05:00,2026-07-11T23:03:00-05:00,2026-07-11T05:00:00+00:00,2026-07-12T04:03:00+00:00,298
KPTN,Patterson Memorial,LA,US,,,,America/Chicago,10.0,29.71667,-91.33333,1,75.2,2026-07-11T15:50:00-0500,2026-07-11T20:50:00+00:00,2026-07-11T00:00:00-05:00,2026-07-11T23:03:00-05:00,2026-07-11T05:00:00+00:00,2026-07-12T04:03:00+00:00,304
NDBCTESL1,"8764044 - Tesoro Marine Terminal, Berwick, Atchafalaya River, LA",LA,US,,,,America/Chicago,0.0,29.668,-91.237,286,75.2,2026-07-11T16:00:00-0500,2026-07-11T21:00:00+00:00,2026-07-11T00:00:00-05:00,2026-07-11T23:03:00-05:00,2026-07-11T05:00:00+00:00,2026-07-12T04:03:00+00:00,121
0900W,Jay High School,FL,US,,,,America/Chicago,282.0,30.94114,-87.15685,249,75.3,2026-07-11T05:50:00-0500,2026-07-11T10:50:00+00:00,2026-07-11T00:00:00-05:00,2026-07-11T23:03:00-05:00,2026-07-11T05:00:00+00:00,2026-07-12T04:03:00+00:00,138
0902W,Milton High School,FL,US,,,,America/Chicago,75.0,30.63261,-87.04482,249,75.3,2026-07-11T06:50:00-0500,2026-07-11T11:50:00+00:00,2026-07-11T00:00:00-05:00,2026-07-11T23:03:00-05:00,2026-07-11T05:00:00+00:00,2026-07-12T04:03:00+00:00,138
1213W,Pace Fire Rescue Station 4,FL,US,,,,America/Chicago,190.0,30.69987,-87.18477,249,75.3,2026-07-11T05:40:00-0500,2026-07-11T10:40:00+00:00,2026-07-11T00:00:00-05:00,2026-07-11T23:03:00-05:00,2026-07-11T05:00:00+00:00,2026-07-12T04:03:00+00:00,67
1968W,Port NOLA Maintenance- Uptown/West Riverside,LA,US,,,,America/Chicago,20.0,29.91441,-90.11443,249,75.3,2026-07-11T13:50:00-0500,2026-07-11T18:50:00+00:00,2026-07-11T00:00:00-05:00,2026-07-11T23:03:00-05:00,2026-07-11T05:00:00+00:00,2026-07-12T04:03:00+00:00,138
LSU10,Houma,LA,US,,,,America/Chicago,5.0,29.63415,-90.84385,256,75.3,2026-07-11T16:24:00-0500,2026-07-11T21:24:00+00:00,2026-07-11T00:00:00-05:00,2026-07-11T23:03:00-05:00,2026-07-11T05:00:00+00:00,2026-07-12T04:03:00+00:00,1328
USA10,Foley,AL,US,,,,America/Chicago,56.0,30.36990,-87.64560,3011,75.3,2026-07-11T03:34:00-0500,2026-07-11T08:34:00+00:00,2026-07-11T00:00:00-05:00,2026-07-11T23:03:00-05:00,2026-07-11T05:00:00+00:00,2026-07-12T04:03:00+00:00,1299
1975W,NOFD Engine 12 - Gentilly/Milneburg,LA,US,,,,America/Chicago,7.0,30.01622,-90.05172,249,75.4,2026-07-11T14:10:00-0500,2026-07-11T19:10:00+00:00,2026-07-11T00:00:00-05:00,2026-07-11T23:03:00-05:00,2026-07-11T05:00:00+00:00,2026-07-12T04:03:00+00:00,138
KIYA,Abbeville Chris Crusta Memorial Airport,LA,US,,,,America/Chicago,16.0,29.97578,-92.08422,1,75.4,2026-07-11T02:55:00-0500,2026-07-11T07:55:00+00:00,2026-07-11T00:00:00-05:00,2026-07-11T23:03:00-05:00,2026-07-11T05:00:00+00:00,2026-07-12T04:03:00+00:00,68
USA5,Saraland,AL,US,,,,America/Chicago,20.0,30.83020,-88.06580,3011,75.4,2026-07-11T05:10:00-0500,2026-07-11T10:10:00+00:00,2026-07-11T00:00:00-05:00,2026-07-11T23:03:00-05:00,2026-07-11T05:00:00+00:00,2026-07-12T04:03:00+00:00,1300
1479W,FSWN Santa Rosa Allentown,FL,US,,,,America/Chicago,213.0,30.78287,-87.09209,249,75.5,2026-07-11T06:10:00-0500,2026-07-11T11:10:00+00:00,2026-07-11T00:00:00-05:00,2026-07-11T23:03:00-05:00,2026-07-11T05:00:00+00:00,2026-07-12T04:03:00+00:00,138
1884W,St. Charles Parish EOC,LA,US,,,,America/Chicago,30.0,29.96418,-90.40399,249,75.5,2026-07-11T13:50:00-0500,2026-07-11T18:50:00+00:00,2026-07-11T00:00:00-05:00,2026-07-11T23:03:00-05:00,2026-07-11T05:00:00+00:00,2026-07-12T04:03:00+00:00,138
LM019,ULM_MORG,LA,US,,,,America/Chicago,31.0007,30.72307,-91.53518,313,75.5,2026-07-11T22:40:00-0500,2026-07-12T03:40:00+00:00,2026-07-11T00:00:00-05:00,2026-07-11T23:03:00-05:00,2026-07-11T05:00:00+00:00,2026-07-12T04:03:00+00:00,274
LM029,ULM_MARO,LA,US,,,,America/Chicago,5.0,29.8305,-90.11407,313,75.5,2026-07-11T13:15:00-0500,2026-07-11T18:15:00+00:00,2026-07-11T00:00:00-05:00,2026-07-11T23:03:00-05:00,2026-07-11T05:00:00+00:00,2026-07-12T04:03:00+00:00,274
2016W,Killona Volunteer Fire Department,LA,US,,,,America/Chicago,92.0,30.00142,-90.48636,249,75.6,2026-07-11T13:50:00-0500,2026-07-11T18:50:00+00:00,2026-07-11T00:00:00-05:00,2026-07-11T23:03:00-05:00,2026-07-11T05:00:00+00:00,2026-07-12T04:03:00+00:00,138
LM025,ULM_CPOT,LA,US,,,,America/Chicago,43.9993,30.42204,-92.23156,313,75.6,2026-07-11T03:35:00-0500,2026-07-11T08:35:00+00:00,2026-07-11T00:00:00-05:00,2026-07-11T23:03:00-05:00,2026-07-11T05:00:00+00:00,2026-07-12T04:03:00+00:00,275
SSXXQ,Milton Riverwalk South,FL,US,,,,America/Chicago,,30.62275,-87.03485,248,75.6,2026-07-11T06:13:00-0500,2026-07-11T11:13:00+00:00,2026-07-11T00:00:00-05:00,2026-07-11T23:03:00-05:00,2026-07-11T05:00:00+00:00,2026-07-12T04:03:00+00:00,254
1687W,FSWN Escambia Walnut Hill,FL,US,,,,America/Chicago,272.0,30.89988,-87.47842,249,75.7,2026-07-11T06:10:00-0500,2026-07-11T11:10:00+00:00,2026-07-11T00:00:00-05:00,2026-07-11T23:03:00-05:00,2026-07-11T05:00:00+00:00,2026-07-12T04:03:00+00:00,138
2020W,Willowridge Pump Station Luling,LA,US,,,,America/Chicago,82.0,29.88464,-90.34422,249,75.7,2026-07-11T14:20:00-0500,2026-07-11T19:20:00+00:00,2026-07-11T00:00:00-05:00,2026-07-11T23:03:00-05:00,2026-07-11T05:00:00+00:00,2026-07-12T04:03:00+00:00,138
2057W,FSWN Santa Rosa EOC,FL,US,,,,America/Chicago,98.0,30.59828,-87.07002,249,75.7,2026-07-11T08:30:00-0500,2026-07-11T13:30:00+00:00,2026-07-11T00:00:00-05:00,2026-07-11T23:03:00-05:00,2026-07-11T05:00:00+00:00,2026-07-12T04:03:00+00:00,138
BMTA1,Bay Minette FS,AL,US,,,,America/Chicago,269.0,30.88040,-87.78140,3011,75.7,2026-07-11T05:44:00-0500,2026-07-11T10:44:00+00:00,2026-07-11T00:00:00-05:00,2026-07-11T23:03:00-05:00,2026-07-11T05:00:00+00:00,2026-07-12T04:03:00+00:00,1305
NDBCAMRL1,"8764227 - LAWMA, Amerada Pass, LA",,,,,,America/Chicago,0.0,29.45,-91.338,286,75.7,2026-07-11T17:30:00-0500,2026-07-11T22:30:00+00:00,2026-07-11T00:00:00-05:00,2026-07-11T23:03:00-05:00,2026-07-11T05:00:00+00:00,2026-07-12T04:03:00+00:00,120
2156W,Addis VFW Hall,LA,US,,,,America/Chicago,52.0,30.35007,-91.26724,249,75.8,2026-07-11T22:30:00-0500,2026-07-12T03:30:00+00:00,2026-07-11T00:00:00-05:00,2026-07-11T23:03:00-05:00,2026-07-11T05:00:00+00:00,2026-07-12T04:03:00+00:00,138
2166W,Port Allen,LA,US,,,,America/Chicago,49.0,30.49915,-91.21744,249,75.8,2026-07-11T16:50:00-0500,2026-07-11T21:50:00+00:00,2026-07-11T00:00:00-05:00,2026-07-11T23:03:00-05:00,2026-07-11T05:00:00+00:00,2026-07-12T04:03:00+00:00,138
1970W,Port NOLA Administration - Warehouse District/Riverwalk,LA,US,,,,America/Chicago,30.0,29.93710,-90.06144,249,75.9,2026-07-11T13:50:00-0500,2026-07-11T18:50:00+00:00,2026-07-11T00:00:00-05:00,2026-07-11T23:03:00-05:00,2026-07-11T05:00:00+00:00,2026-07-12T04:03:00+00:00,138
NDBCNWCL1,"8761927 - New Canal Station, LA",,,,,,America/Chicago,5.58,30.027,-90.113,286,75.9,2026-07-11T14:42:00-0500,2026-07-11T19:42:00+00:00,2026-07-11T00:00:00-05:00,2026-07-11T23:03:00-05:00,2026-07-11T05:00:00+00:00,2026-07-12T04:03:00+00:00,114
1684W,FSWN Escambia Beulah Fire Station,FL,US,,,,America/Chicago,131.0,30.53630,-87.39425,249,76.0,2026-07-11T05:50:00-0500,2026-07-11T10:50:00+00:00,2026-07-11T00:00:00-05:00,2026-07-11T23:03:00-05:00,2026-07-11T05:00:00+00:00,2026-07-12T04:03:00+00:00,138
1871W,NOFD Engine 36 - New Orleans East,LA,US,,,,America/Chicago,10.0,30.02735,-89.96878,249,76.0,2026-07-11T13:50:00-0500,2026-07-11T18:50:00+00:00,2026-07-11T00:00:00-05:00,2026-07-11T23:03:00-05:00,2026-07-11T05:00:00+00:00,2026-07-12T04:03:00+00:00,138
1881W,NOFD Engine 16 - Central City,LA,US,,,,America/Chicago,16.0,29.94131,-90.08049,249,76.0,2026-07-11T13:40:00-0500,2026-07-11T18:40:00+00:00,2026-07-11T00:00:00-05:00,2026-07-11T23:03:00-05:00,2026-07-11T05:00:00+00:00,2026-07-12T04:03:00+00:00,138
AMRL1,LAWMA,LA,US,,,,America/Chicago,3.0,29.44958,-91.33811,122,76.0,2026-07-11T16:48:00-0500,2026-07-11T21:48:00+00:00,2026-07-11T00:00:00-05:00,2026-07-11T23:03:00-05:00,2026-07-11T05:00:00+00:00,2026-07-12T04:03:00+00:00,226
AV521,W5IC East Baton Rouge Parish      LA US,LA,US,,,,America/Chicago,27.62,30.40400,-91.08467,65,76.0,2026-07-11T04:48:00-0500,2026-07-11T09:48:00+00:00,2026-07-11T00:00:00-05:00,2026-07-11T23:03:00-05:00,2026-07-11T05:00:00+00:00,2026-07-12T04:03:00+00:00,257
AW503,KX4DU FAIRHOPE,AL,US,,,,America/Chicago,104.0,30.49100,-87.87483,65,76.0,2026-07-11T04:25:00-0500,2026-07-11T09:25:00+00:00,2026-07-11T00:00:00-05:00,2026-07-11T23:03:00-05:00,2026-07-11T05:00:00+00:00,2026-07-12T04:03:00+00:00,277
AX220,KI5MVM METAIRIE,LA,US,,,,America/Chicago,3.28,30.02833,-90.21383,65,76.0,2026-07-11T13:41:00-0500,2026-07-11T18:41:00+00:00,2026-07-11T00:00:00-05:00,2026-07-11T23:03:00-05:00,2026-07-11T05:00:00+00:00,2026-07-12T04:03:00+00:00,277
C2220,CW2220 Kaplan,LA,US,,,,America/Chicago,16.4,30.00720,-92.29422,65,76.0,2026-07-11T03:45:00-0500,2026-07-11T08:45:00+00:00,2026-07-11T00:00:00-05:00,2026-07-11T23:03:00-05:00,2026-07-11T05:00:00+00:00,2026-07-12T04:03:00+00:00,93
D6888,DW6888 Gretna,LA,US,,,,America/Chicago,-2.49,29.87467,-90.03783,65,76.0,2026-07-11T13:48:00-0500,2026-07-11T18:48:00+00:00,2026-07-11T00:00:00-05:00,2026-07-11T23:03:00-05:00,2026-07-11T05:00:00+00:00,2026-07-12T04:03:00+00:00,96
D8180,DW8180 Pace,FL,US,,,,America/Chicago,43.0,30.58917,-87.15283,65,76.0,2026-07-11T04:35:00-0500,2026-07-11T09:35:00+00:00,2026-07-11T00:00:00-05:00,2026-07-11T23:03:00-05:00,2026-07-11T05:00:00+00:00,2026-07-12T04:03:00+00:00,233
E0561,EW0561 Covington,LA,US,,,,America/Chicago,23.62,30.46750,-90.14100,65,76.0,2026-07-11T05:15:00-0500,2026-07-11T10:15:00+00:00,2026-07-11T00:00:00-05:00,2026-07-11T23:03:00-05:00,2026-07-11T05:00:00+00:00,2026-07-12T04:03:00+00:00,93
E3364,EW3364 Belle Chasse,LA,US,,,,America/Chicago,-0.53,29.85967,-89.99183,65,76.0,2026-07-11T13:46:00-0500,2026-07-11T18:46:00+00:00,2026-07-11T00:00:00-05:00,2026-07-11T23:03:00-05:00,2026-07-11T05:00:00+00:00,2026-07-12T04:03:00+00:00,94
E6903,EW6903 Lockport,LA,US,,,,America/Chicago,5.08,29.66000,-90.54483,65,76.0,2026-07-11T16:00:00-0500,2026-07-11T21:00:00+00:00,2026-07-11T00:00:00-05:00,2026-07-11T23:03:00-05:00,2026-07-11T05:00:00+00:00,2026-07-12T04:03:00+00:00,93
F5486,FW5486 Carencro,LA,US,,,,America/Chicago,49.44,30.31517,-92.0225,65,76.0,2026-07-11T03:20:00-0500,2026-07-11T08:20:00+00:00,2026-07-11T00:00:00-05:00,2026-07-11T23:03:00-05:00,2026-07-11T05:00:00+00:00,2026-07-12T04:03:00+00:00,270
F5707,FW5707 Pineville,LA,US,,,,America/Chicago,104.99,31.37983,-92.46767,65,76.0,2026-07-11T03:45:00-0500,2026-07-11T08:45:00+00:00,2026-07-11T00:00:00-05:00,2026-07-11T23:03:00-05:00,2026-07-11T05:00:00+00:00,2026-07-12T04:03:00+00:00,92
G2074,GW2074 CONVENT,LA,US,,,,America/Chicago,22.97,30.06967,-90.86883,65,76.0,2026-07-11T04:46:00-0500,2026-07-11T09:46:00+00:00,2026-07-11T00:00:00-05:00,2026-07-11T23:03:00-05:00,2026-07-11T05:00:00+00:00,2026-07-12T04:03:00+00:00,81
G2297,GW2297 LUCEDALE,MS,US,,,,America/Chicago,269.03,30.92300,-88.58983,65,76.0,2026-07-11T03:00:00-0500,2026-07-11T08:00:00+00:00,2026-07-11T00:00:00-05:00,2026-07-11T23:03:00-05:00,2026-07-11T05:00:00+00:00,2026-07-12T04:03:00+00:00,93
G2672,GW2672 West Mobile,AL,US,,,,America/Chicago,206.99,30.67950,-88.24017,65,76.0,2026-07-11T05:01:00-0500,2026-07-11T10:01:00+00:00,2026-07-11T00:00:00-05:00,2026-07-11T23:03:00-05:00,2026-07-11T05:00:00+00:00,2026-07-12T04:03:00+00:00,93
G5218,GW5218 SLIDELL,LA,US,,,,America/Chicago,78.08,30.27483,-89.75933,65,76.0,2026-07-11T05:00:00-0500,2026-07-11T10:00:00+00:00,2026-07-11T00:00:00-05:00,2026-07-11T23:03:00-05:00,2026-07-11T05:00:00+00:00,2026-07-12T04:03:00+00:00,93
G5750,GW5750 FOLEY,AL,US,,,,America/Chicago,91.86,30.43483,-87.75467,65,76.0,2026-07-11T05:23:00-0500,2026-07-11T10:23:00+00:00,2026-07-11T00:00:00-05:00,2026-07-11T23:03:00-05:00,2026-07-11T05:00:00+00:00,2026-07-12T04:03:00+00:00,273
G6347,GW6347 SLIDELL,LA,US,,,,America/Chicago,16.4,30.29883,-89.75800,65,76.0,2026-07-11T06:15:00-0500,2026-07-11T11:15:00+00:00,2026-07-11T00:00:00-05:00,2026-07-11T23:03:00-05:00,2026-07-11T05:00:00+00:00,2026-07-12T04:03:00+00:00,93
UP368,MEEKER,LA,US,,,,America/Chicago,70.0,31.11893,-92.40583,64,76.0,2026-07-11T04:51:00-0500,2026-07-11T09:51:00+00:00,2026-07-11T00:00:00-05:00,2026-07-11T23:03:00-05:00,2026-07-11T05:00:00+00:00,2026-07-12T04:03:00+00:00,29
UP860,BUNKIE,LA,US,,,,America/Chicago,52.0,30.88467,-92.12814,64,76.0,2026-07-11T06:28:00-0500,2026-07-11T11:28:00+00:00,2026-07-11T00:00:00-05:00,2026-07-11T23:03:00-05:00,2026-07-11T05:00:00+00:00,2026-07-12T04:03:00+00:00,50
UP867,EDGARD,LA,US,,,,America/Chicago,12.0,30.01931,-90.54671,64,76.0,2026-07-11T00:49:00-0500,2026-07-11T05:49:00+00:00,2026-07-11T00:00:00-05:00,2026-07-11T23:03:00-05:00,2026-07-11T05:00:00+00:00,2026-07-12T04:03:00+00:00,17
2158W,Brusly Police Department,LA,US,,,,America/Chicago,82.0,30.38593,-91.24429,249,76.1,2026-07-11T23:00:00-0500,2026-07-12T04:00:00+00:00,2026-07-11T00:00:00-05:00,2026-07-11T23:03:00-05:00,2026-07-11T05:00:00+00:00,2026-07-12T04:03:00+00:00,138
2216W,UWF Rec Plex North,FL,US,,,,America/Chicago,33.0,30.54595,-87.21278,249,76.1,2026-07-11T05:30:00-0500,2026-07-11T10:30:00+00:00,2026-07-11T00:00:00-05:00,2026-07-11T23:03:00-05:00,2026-07-11T05:00:00+00:00,2026-07-12T04:03:00+00:00,138
2245W,City Equipment Maintenance - Desire,LA,US,,,,America/Chicago,33.0,29.99992,-90.03133,249,76.1,2026-07-11T14:20:00-0500,2026-07-11T19:20:00+00:00,2026-07-11T00:00:00-05:00,2026-07-11T23:03:00-05:00,2026-07-11T05:00:00+00:00,2026-07-12T04:03:00+00:00,138
KGAO,"Galliano, South Lafourche Airport",LA,US,,,,America/Chicago,0.0,29.44472,-90.26111,1,76.1,2026-07-11T05:55:00-0500,2026-07-11T10:55:00+00:00,2026-07-11T00:00:00-05:00,2026-07-11T23:03:00-05:00,2026-07-11T05:00:00+00:00,2026-07-12T04:03:00+00:00,68
KOPL,Opelousas St Landry Parish Airport,LA,US,,,,America/Chicago,75.0,30.55840,-92.09940,1,76.1,2026-07-11T04:15:00-0500,2026-07-11T09:15:00+00:00,2026-07-11T00:00:00-05:00,2026-07-11T23:03:00-05:00,2026-07-11T05:00:00+00:00,2026-07-12T04:03:00+00:00,67
1774W,Cottage Hill Christian Academy,AL,US,,,,America/Chicago,118.0,30.65139,-88.21527,249,76.2,2026-07-11T06:20:00-0500,2026-07-11T11:20:00+00:00,2026-07-11T00:00:00-05:00,2026-07-11T23:03:00-05:00,2026-07-11T05:00:00+00:00,2026-07-12T04:03:00+00:00,138
1824W,SWBNO West Bank Water Treatment - English Turn,LA,US,,,,America/Chicago,10.0,29.90704,-89.96619,249,76.2,2026-07-11T13:50:00-0500,2026-07-11T18:50:00+00:00,2026-07-11T00:00:00-05:00,2026-07-11T23:03:00-05:00,2026-07-11T05:00:00+00:00,2026-07-12T04:03:00+00:00,121
2117W,Foley Elementary School,AL,US,,,,America/Chicago,115.0,30.40956,-87.69092,249,76.2,2026-07-11T13:20:00-0500,2026-07-11T18:20:00+00:00,2026-07-11T00:00:00-05:00,2026-07-11T23:03:00-05:00,2026-07-11T05:00:00+00:00,2026-07-12T04:03:00+00:00,138
0904W,Pace High School,FL,US,,,,America/Chicago,131.0,30.61265,-87.15355,249,76.3,2026-07-11T06:10:00-0500,2026-07-11T11:10:00+00:00,2026-07-11T00:00:00-05:00,2026-07-11T23:03:00-05:00,2026-07-11T05:00:00+00:00,2026-07-12T04:03:00+00:00,138
1875W,NOFD Engine 27 - Seventh Ward/St.Roch,LA,US,,,,America/Chicago,7.0,29.97951,-90.05844,249,76.3,2026-07-11T13:50:00-0500,2026-07-11T18:50:00+00:00,2026-07-11T00:00:00-05:00,2026-07-11T23:03:00-05:00,2026-07-11T05:00:00+00:00,2026-07-12T04:03:00+00:00,138
2162W,Homeland Security & 911 Center,LA,US,,,,America/Chicago,148.0,30.43095,-91.20390,249,76.3,2026-07-11T16:20:00-0500,2026-07-11T21:20:00+00:00,2026-07-11T00:00:00-05:00,2026-07-11T23:03:00-05:00,2026-07-11T05:00:00+00:00,2026-07-12T04:03:00+00:00,138
2281W,NORDC Norman Playground - Old Aurora,LA,US,,,,America/Chicago,33.0,29.91992,-89.99820,249,76.3,2026-07-11T14:00:00-0500,2026-07-11T19:00:00+00:00,2026-07-11T00:00:00-05:00,2026-07-11T23:03:00-05:00,2026-07-11T05:00:00+00:00,2026-07-12T04:03:00+00:00,138
1313W,Alex Box Stadium,LA,US,,,,America/Chicago,36.0,30.40666,-91.18750,249,76.4,2026-07-11T22:50:00-0500,2026-07-12T03:50:00+00:00,2026-07-11T00:00:00-05:00,2026-07-11T23:03:00-05:00,2026-07-11T05:00:00+00:00,2026-07-12T04:03:00+00:00,138
1818W,SWBNO East Bank Water Treatment - Lower 9th Ward,LA,US,,,,America/Chicago,13.0,29.97728,-89.99746,249,76.4,2026-07-11T14:00:00-0500,2026-07-11T19:00:00+00:00,2026-07-11T00:00:00-05:00,2026-07-11T23:03:00-05:00,2026-07-11T05:00:00+00:00,2026-07-12T04:03:00+00:00,138
2242W,NOFD Engine 4 - Pines Village,LA,US,,,,America/Chicago,33.0,30.02271,-90.02339,249,76.7,2026-07-11T14:30:00-0500,2026-07-11T19:30:00+00:00,2026-07-11T00:00:00-05:00,2026-07-11T23:03:00-05:00,2026-07-11T05:00:00+00:00,2026-07-12T04:03:00+00:00,138
LSU03,Crowley,LA,US,,,,America/Chicago,23.0,30.24761,-92.34761,256,76.7,2026-07-11T06:05:00-0500,2026-07-11T11:05:00+00:00,2026-07-11T00:00:00-05:00,2026-07-11T23:03:00-05:00,2026-07-11T05:00:00+00:00,2026-07-12T04:03:00+00:00,1376
1822W,SWBNO Pumping Station - Little Woods,LA,US,,,,America/Chicago,10.0,30.05864,-89.96675,249,76.8,2026-07-11T13:50:00-0500,2026-07-11T18:50:00+00:00,2026-07-11T00:00:00-05:00,2026-07-11T23:03:00-05:00,2026-07-11T05:00:00+00:00,2026-07-12T04:03:00+00:00,138
NDBCBYGL1,"8762482 - West Bank 1, Bayou Gauche, LA",LA,US,,,,America/Chicago,0.0,29.789,-90.42,286,76.8,2026-07-11T14:48:00-0500,2026-07-11T19:48:00+00:00,2026-07-11T00:00:00-05:00,2026-07-11T23:03:00-05:00,2026-07-11T05:00:00+00:00,2026-07-12T04:03:00+00:00,121
1206W,Tate High School,FL,US,,,,America/Chicago,167.0,30.57754,-87.30088,249,76.9,2026-07-11T13:00:00-0500,2026-07-11T18:00:00+00:00,2026-07-11T00:00:00-05:00,2026-07-11T23:03:00-05:00,2026-07-11T05:00:00+00:00,2026-07-12T04:03:00+00:00,138
1873W,NORDC Morris F.X. Jeff - Sr. Park - Algiers,LA,US,,,,America/Chicago,13.0,29.94202,-90.02991,249,76.9,2026-07-11T06:50:00-0500,2026-07-11T11:50:00+00:00,2026-07-11T00:00:00-05:00,2026-07-11T23:03:00-05:00,2026-07-11T05:00:00+00:00,2026-07-12T04:03:00+00:00,138
1311W,Tiger Stadium,LA,US,,,,America/Chicago,52.0,30.41192,-91.18376,249,77.0,2026-07-11T16:00:00-0500,2026-07-11T21:00:00+00:00,2026-07-11T00:00:00-05:00,2026-07-11T23:03:00-05:00,2026-07-11T05:00:00+00:00,2026-07-12T04:03:00+00:00,132
AT261,KE5JZM-1 Lutcher,LA,US,,,,America/Chicago,10.96,30.04367,-90.69933,65,77.0,2026-07-11T00:00:00-0500,2026-07-11T05:00:00+00:00,2026-07-11T00:00:00-05:00,2026-07-11T23:03:00-05:00,2026-07-11T05:00:00+00:00,2026-07-12T04:03:00+00:00,1320
BYGL1,West Bank 1,LA,US,,,,America/Chicago,3.0,29.78856,-90.42020,122,77.0,2026-07-11T13:06:00-0500,2026-07-11T18:06:00+00:00,2026-07-11T00:00:00-05:00,2026-07-11T23:03:00-05:00,2026-07-11T05:00:00+00:00,2026-07-12T04:03:00+00:00,227
C3916,CW3916 Belle Chasse,LA,US,,,,America/Chicago,-1.0,29.84250,-90.00300,65,77.0,2026-07-11T06:16:00-0500,2026-07-11T11:16:00+00:00,2026-07-11T00:00:00-05:00,2026-07-11T23:03:00-05:00,2026-07-11T05:00:00+00:00,2026-07-12T04:03:00+00:00,93
D7368,DW7368 Pecan Island,LA,US,,,,America/Chicago,3.0,29.64983,-92.4195,65,77.0,2026-07-11T07:15:00-0500,2026-07-11T12:15:00+00:00,2026-07-11T00:00:00-05:00,2026-07-11T23:03:00-05:00,2026-07-11T05:00:00+00:00,2026-07-12T04:03:00+00:00,93
E8473,EW8473 Gretna,LA,US,,,,America/Chicago,-1.84,29.90750,-90.04883,65,77.0,2026-07-11T14:25:00-0500,2026-07-11T19:25:00+00:00,2026-07-11T00:00:00-05:00,2026-07-11T23:03:00-05:00,2026-07-11T05:00:00+00:00,2026-07-12T04:03:00+00:00,277
F0094,FW0094 Slidell,LA,US,,,,America/Chicago,11.32,30.28167,-89.773,65,77.0,2026-07-11T05:55:00-0500,2026-07-11T10:55:00+00:00,2026-07-11T00:00:00-05:00,2026-07-11T23:03:00-05:00,2026-07-11T05:00:00+00:00,2026-07-12T04:03:00+00:00,277
F5866,FW5866 Duson,LA,US,,,,America/Chicago,24.9,30.16483,-92.12017,65,77.0,2026-07-11T02:45:00-0500,2026-07-11T07:45:00+00:00,2026-07-11T00:00:00-05:00,2026-07-11T23:03:00-05:00,2026-07-11T05:00:00+00:00,2026-07-12T04:03:00+00:00,93
F8402,FW8402 Youngsville,LA,US,,,,America/Chicago,25.39,30.11383,-92.01083,65,77.0,2026-07-11T04:59:00-0500,2026-07-11T09:59:00+00:00,2026-07-11T00:00:00-05:00,2026-07-11T23:03:00-05:00,2026-07-11T05:00:00+00:00,2026-07-12T04:03:00+00:00,274
G1367,GW1367 DENHAM SPRINGS,LA,US,,,,America/Chicago,60.01,30.55930,-90.95226,65,77.0,2026-07-11T01:47:00-0500,2026-07-11T06:47:00+00:00,2026-07-11T00:00:00-05:00,2026-07-11T23:03:00-05:00,2026-07-11T05:00:00+00:00,2026-07-12T04:03:00+00:00,80
KNEW,"New Orleans, New Orleans Lakefront Airport",LA,US,,,,America/Chicago,7.0,30.04944,-90.02889,1,77.0,2026-07-11T13:35:00-0500,2026-07-11T18:35:00+00:00,2026-07-11T00:00:00-05:00,2026-07-11T23:03:00-05:00,2026-07-11T05:00:00+00:00,2026-07-12T04:03:00+00:00,302
KSPR,SHIP SHOAL OIL PLATFORM,LA,US,,,,Etc/GMT+6,224.0,28.60,-91.20,1,77.0,2026-07-11T13:15:00-0600,2026-07-11T19:15:00+00:00,2026-07-11T00:00:00-05:00,2026-07-11T23:03:00-05:00,2026-07-11T05:00:00+00:00,2026-07-12T04:03:00+00:00,67
MSS12,Coastal Research and Extension Center,MS,US,,,,America/Chicago,56.0,30.44102,-88.94368,236,77.0,2026-07-11T06:00:00-0500,2026-07-11T11:00:00+00:00,2026-07-11T00:00:00-05:00,2026-07-11T23:03:00-05:00,2026-07-11T05:00:00+00:00,2026-07-12T04:03:00+00:00,86
OBLA1,Mobile State Docks,AL,US,,,,America/Chicago,20.0,30.70830,-88.04330,122,77.0,2026-07-11T13:12:00-0500,2026-07-11T18:12:00+00:00,2026-07-11T00:00:00-05:00,2026-07-11T23:03:00-05:00,2026-07-11T05:00:00+00:00,2026-07-12T04:03:00+00:00,227
1892W,Fairhope East Elementary,AL,US,,,,America/Chicago,138.0,30.52626,-87.87657,249,77.1,2026-07-11T06:00:00-0500,2026-07-11T11:00:00+00:00,2026-07-11T00:00:00-05:00,2026-07-11T23:03:00-05:00,2026-07-11T05:00:00+00:00,2026-07-12T04:03:00+00:00,138
CEPM6,Pascagoula,MS,US,,,,America/Chicago,9.0,30.35970,-88.52120,3011,77.1,2026-07-11T06:21:00-0500,2026-07-11T11:21:00+00:00,2026-07-11T00:00:00-05:00,2026-07-11T23:03:00-05:00,2026-07-11T05:00:00+00:00,2026-07-12T04:03:00+00:00,1301
NDBCWKXA1,"Safe Harbor Met Station, Weeks Bay Reserve, AL",AL,US,,,,America/Chicago,10.99,30.421,-87.828,286,77.2,2026-07-11T05:30:00-0500,2026-07-11T10:30:00+00:00,2026-07-11T00:00:00-05:00,2026-07-11T23:03:00-05:00,2026-07-11T05:00:00+00:00,2026-07-12T04:03:00+00:00,87
WKXA1,NERRS METEOROLOGICAL SITE AT WEEKS BAY IN FAIRHOPE,AL,US,,,,America/Chicago,16.0,30.41611,-87.82611,188,77.2,2026-07-11T05:30:00-0500,2026-07-11T10:30:00+00:00,2026-07-11T00:00:00-05:00,2026-07-11T23:03:00-05:00,2026-07-11T05:00:00+00:00,2026-07-12T04:03:00+00:00,88
1584W,Central School,FL,US,,,,America/Chicago,200.0,30.76544,-87.07391,249,77.3,2026-07-11T00:00:00-0500,2026-07-11T05:00:00+00:00,2026-07-11T00:00:00-05:00,2026-07-11T23:03:00-05:00,2026-07-11T05:00:00+00:00,2026-07-12T04:03:00+00:00,138
SSTRN,Perdido Bay,,,,,,America/Chicago,,30.41397,-87.37181,248,77.4,2026-07-11T04:08:00-0500,2026-07-11T09:08:00+00:00,2026-07-11T00:00:00-05:00,2026-07-11T23:03:00-05:00,2026-07-11T05:00:00+00:00,2026-07-12T04:03:00+00:00,254
0172W,UWF Pace Library,FL,US,,,,America/Chicago,79.0,30.55007,-87.21730,249,77.5,2026-07-11T06:10:00-0500,2026-07-11T11:10:00+00:00,2026-07-11T00:00:00-05:00,2026-07-11T23:03:00-05:00,2026-07-11T05:00:00+00:00,2026-07-12T04:03:00+00:00,138
1602W,UWF Sports Complex,FL,US,,,,America/Chicago,89.0,30.54068,-87.20447,249,77.5,2026-07-11T06:00:00-0500,2026-07-11T11:00:00+00:00,2026-07-11T00:00:00-05:00,2026-07-11T23:03:00-05:00,2026-07-11T05:00:00+00:00,2026-07-12T04:03:00+00:00,137
SSGSP,Floridatown Park,FL,US,,,,America/Chicago,26.0,30.58079,-87.16163,248,77.5,2026-07-11T05:49:00-0500,2026-07-11T10:49:00+00:00,2026-07-11T00:00:00-05:00,2026-07-11T23:03:00-05:00,2026-07-11T05:00:00+00:00,2026-07-12T04:03:00+00:00,254
1196W,Escambia High School,FL,US,,,,America/Chicago,75.0,30.42699,-87.29960,249,77.9,2026-07-11T06:00:00-0500,2026-07-11T11:00:00+00:00,2026-07-11T00:00:00-05:00,2026-07-11T23:03:00-05:00,2026-07-11T05:00:00+00:00,2026-07-12T04:03:00+00:00,138
USA4,Mobile Dog River,AL,US,,,,America/Chicago,10.0,30.56090,-88.09930,3011,77.9,2026-07-11T05:24:00-0500,2026-07-11T10:24:00+00:00,2026-07-11T00:00:00-05:00,2026-07-11T23:03:00-05:00,2026-07-11T05:00:00+00:00,2026-07-12T04:03:00+00:00,1299
AS256,KF4IRC Mobile,AL,US,,,,America/Chicago,31.99,30.668,-88.1145,65,78.0,2026-07-11T06:35:00-0500,2026-07-11T11:35:00+00:00,2026-07-11T00:00:00-05:00,2026-07-11T23:03:00-05:00,2026-07-11T05:00:00+00:00,2026-07-12T04:03:00+00:00,22
F9380,FW9380 Gulf Breeze,FL,US,,,,America/Chicago,15.22,30.36100,-87.19100,65,78.0,2026-07-11T08:06:00-0500,2026-07-11T13:06:00+00:00,2026-07-11T00:00:00-05:00,2026-07-11T23:03:00-05:00,2026-07-11T05:00:00+00:00,2026-07-12T04:03:00+00:00,274
G6348,GW6348 SLIDELL,LA,US,,,,America/Chicago,9.84,30.22417,-89.78783,65,78.0,2026-07-11T16:45:00-0500,2026-07-11T21:45:00+00:00,2026-07-11T00:00:00-05:00,2026-07-11T23:03:00-05:00,2026-07-11T05:00:00+00:00,2026-07-12T04:03:00+00:00,93
UP883,ROSA,LA,US,,,,America/Chicago,45.0,30.75410,-92.00578,64,78.0,2026-07-11T05:44:00-0500,2026-07-11T10:44:00+00:00,2026-07-11T00:00:00-05:00,2026-07-11T23:03:00-05:00,2026-07-11T05:00:00+00:00,2026-07-12T04:03:00+00:00,19
1203W,Pine Forest High School,FL,US,,,,America/Chicago,112.0,30.48807,-87.29538,249,78.1,2026-07-11T05:00:00-0500,2026-07-11T10:00:00+00:00,2026-07-11T00:00:00-05:00,2026-07-11T23:03:00-05:00,2026-07-11T05:00:00+00:00,2026-07-12T04:03:00+00:00,138
KNPA,Pensacola Naval Air Station,FL,US,,,,America/Chicago,16.0,30.35641,-87.32326,1,78.1,2026-07-11T05:56:00-0500,2026-07-11T10:56:00+00:00,2026-07-11T00:00:00-05:00,2026-07-11T23:03:00-05:00,2026-07-11T05:00:00+00:00,2026-07-12T04:03:00+00:00,23
YLBA1,Bayou La Batre,AL,US,,,,America/Chicago,13.0,30.3956,-88.2478,3011,78.2,2026-07-11T23:00:00-0500,2026-07-12T04:00:00+00:00,2026-07-11T00:00:00-05:00,2026-07-11T23:03:00-05:00,2026-07-11T05:00:00+00:00,2026-07-12T04:03:00+00:00,1305
0402W,West Florida High School,FL,US,,,,America/Chicago,135.0,30.49776,-87.24832,249,78.7,2026-07-11T06:00:00-0500,2026-07-11T11:00:00+00:00,2026-07-11T00:00:00-05:00,2026-07-11T23:03:00-05:00,2026-07-11T05:00:00+00:00,2026-07-12T04:03:00+00:00,138
EINL1,North of Eugene Island,LA,US,,,,America/Chicago,20.0,29.37306,-91.38389,96,78.8,2026-07-11T17:24:00-0500,2026-07-11T22:24:00+00:00,2026-07-11T00:00:00-05:00,2026-07-11T23:03:00-05:00,2026-07-11T05:00:00+00:00,2026-07-12T04:03:00+00:00,119
KJKA,Jack Edwards Airport,AL,US,,,,America/Chicago,16.0,30.28960,-87.67180,1,78.8,2026-07-11T05:15:00-0500,2026-07-11T10:15:00+00:00,2026-07-11T00:00:00-05:00,2026-07-11T23:03:00-05:00,2026-07-11T05:00:00+00:00,2026-07-12T04:03:00+00:00,38
KPNS,Pensacola - Pensacola International Airport,FL,US,,,,America/Chicago,118.0,30.47806,-87.18694,1,78.8,2026-07-11T04:50:00-0500,2026-07-11T09:50:00+00:00,2026-07-11T00:00:00-05:00,2026-07-11T23:03:00-05:00,2026-07-11T05:00:00+00:00,2026-07-12T04:03:00+00:00,304
NDBCEINL1,"8764314 - North of Eugene Island, LA",,,,,,America/Chicago,19.68,29.373,-91.384,286,78.8,2026-07-11T17:24:00-0500,2026-07-11T22:24:00+00:00,2026-07-11T00:00:00-05:00,2026-07-11T23:03:00-05:00,2026-07-11T05:00:00+00:00,2026-07-12T04:03:00+00:00,119
USA12,Gasque,AL,US,,,,America/Chicago,4.0,30.23870,-87.85400,3011,78.8,2026-07-11T05:48:00-0500,2026-07-11T10:48:00+00:00,2026-07-11T00:00:00-05:00,2026-07-11T23:03:00-05:00,2026-07-11T05:00:00+00:00,2026-07-12T04:03:00+00:00,1300
G0043,GW0043 Slidell,LA,US,,,,America/Chicago,7.81,30.23100,-89.78983,65,79.0,2026-07-11T16:53:00-0500,2026-07-11T21:53:00+00:00,2026-07-11T00:00:00-05:00,2026-07-11T23:03:00-05:00,2026-07-11T05:00:00+00:00,2026-07-12T04:03:00+00:00,273
G2175,GW2175 SPANISH FORT,AL,US,,,,America/Chicago,108.27,30.66967,-87.91600,65,79.0,2026-07-11T05:34:00-0500,2026-07-11T10:34:00+00:00,2026-07-11T00:00:00-05:00,2026-07-11T23:03:00-05:00,2026-07-11T05:00:00+00:00,2026-07-12T04:03:00+00:00,274
GCLUML1,"LUMCON 101 - Marne Center, LA",LA,US,,,,America/Chicago,0.0,29.2533,-90.6633,315,79.0,2026-07-11T16:30:00-0500,2026-07-11T21:30:00+00:00,2026-07-11T00:00:00-05:00,2026-07-11T23:03:00-05:00,2026-07-11T05:00:00+00:00,2026-07-12T04:03:00+00:00,80
MCGA1,Coast Guard Sector Mobile,AL,US,,,,America/Chicago,13.0,30.64830,-88.05830,121,79.0,2026-07-11T13:12:00-0500,2026-07-11T18:12:00+00:00,2026-07-11T00:00:00-05:00,2026-07-11T23:03:00-05:00,2026-07-11T05:00:00+00:00,2026-07-12T04:03:00+00:00,227
TS947,SELA PORTABLE,LA,US,,,,America/Chicago,3.0,30.109000,-89.857830,2,79.0,2026-07-11T03:34:00-0500,2026-07-11T08:34:00+00:00,2026-07-11T00:00:00-05:00,2026-07-11T23:03:00-05:00,2026-07-11T05:00:00+00:00,2026-07-12T04:03:00+00:00,23
NDBCMBPA1,"8736163 - Middle Bay Port, Mobile Bay, AL",,,,,,America/Chicago,11.15,30.527,-88.086,286,79.2,2026-07-11T05:48:00-0500,2026-07-11T10:48:00+00:00,2026-07-11T00:00:00-05:00,2026-07-11T23:03:00-05:00,2026-07-11T05:00:00+00:00,2026-07-12T04:03:00+00:00,121
1201W,Booker T. Washington High School,FL,US,,,,America/Chicago,121.0,30.48424,-87.21184,249,79.4,2026-07-11T06:50:00-0500,2026-07-11T11:50:00+00:00,2026-07-11T00:00:00-05:00,2026-07-11T23:03:00-05:00,2026-07-11T05:00:00+00:00,2026-07-12T04:03:00+00:00,138
0327W,Gulf Breeze High School,FL,US,,,,America/Chicago,26.0,30.35847,-87.16718,249,79.7,2026-07-11T08:30:00-0500,2026-07-11T13:30:00+00:00,2026-07-11T00:00:00-05:00,2026-07-11T23:03:00-05:00,2026-07-11T05:00:00+00:00,2026-07-12T04:03:00+00:00,138
NDBCMCGA1,"8736897 - Coast Guard Sector Mobile, AL",AL,US,,,,America/Chicago,7.22,30.649,-88.058,286,79.7,2026-07-11T13:24:00-0500,2026-07-11T18:24:00+00:00,2026-07-11T00:00:00-05:00,2026-07-11T23:03:00-05:00,2026-07-11T05:00:00+00:00,2026-07-12T04:03:00+00:00,121
1697W,FSWN Escambia Pensacola Beach,FL,US,,,,America/Chicago,10.0,30.33823,-87.11521,249,80.0,2026-07-11T08:10:00-0500,2026-07-11T13:10:00+00:00,2026-07-11T00:00:00-05:00,2026-07-11T23:03:00-05:00,2026-07-11T05:00:00+00:00,2026-07-12T04:03:00+00:00,138
C9352,CW9352 Pensacola,FL,US,,,,America/Chicago,19.91,30.33417,-87.35500,65,80.0,2026-07-11T06:30:00-0500,2026-07-11T11:30:00+00:00,2026-07-11T00:00:00-05:00,2026-07-11T23:03:00-05:00,2026-07-11T05:00:00+00:00,2026-07-12T04:03:00+00:00,138
COOPTHIL1,THIBODAUX 4 SE,LA,US,,,,America/Chicago,15.0,29.7547,-90.7748,74,80.0,2026-07-11T08:00:00-0500,2026-07-11T13:00:00+00:00,2026-07-11T00:00:00-05:00,2026-07-11T23:03:00-05:00,2026-07-11T05:00:00+00:00,2026-07-12T04:03:00+00:00,1
D7066,DW7066 Pensacola,FL,US,,,,America/Chicago,108.27,30.46217,-87.19167,65,80.0,2026-07-11T04:59:00-0500,2026-07-11T09:59:00+00:00,2026-07-11T00:00:00-05:00,2026-07-11T23:03:00-05:00,2026-07-11T05:00:00+00:00,2026-07-12T04:03:00+00:00,1129
F3872,FW3872 Orange Beach,AL,US,,,,America/Chicago,15.81,30.28450,-87.58183,65,80.0,2026-07-11T06:05:00-0500,2026-07-11T11:05:00+00:00,2026-07-11T00:00:00-05:00,2026-07-11T23:03:00-05:00,2026-07-11T05:00:00+00:00,2026-07-12T04:03:00+00:00,260
G7241,GW7241 PENSACOLA,FL,US,,,,America/Chicago,49.21,30.42783,-87.19417,65,80.0,2026-07-11T06:09:00-0500,2026-07-11T11:09:00+00:00,2026-07-11T00:00:00-05:00,2026-07-11T23:03:00-05:00,2026-07-11T05:00:00+00:00,2026-07-12T04:03:00+00:00,274
PILL1,Pilottown,LA,US,,,,America/Chicago,3.0,29.17830,-89.25830,121,80.0,2026-07-11T01:24:00-0500,2026-07-11T06:24:00+00:00,2026-07-11T00:00:00-05:00,2026-07-11T23:03:00-05:00,2026-07-11T05:00:00+00:00,2026-07-12T04:03:00+00:00,227
WYCM6,Bay Waveland Yacht Club,MS,US,,,,America/Chicago,0.0,30.32639,-89.32578,122,80.0,2026-07-11T06:12:00-0500,2026-07-11T11:12:00+00:00,2026-07-11T00:00:00-05:00,2026-07-11T23:03:00-05:00,2026-07-11T05:00:00+00:00,2026-07-12T04:03:00+00:00,227
NDBCOBLA1,"8737048 - Mobile State Docks, AL",AL,US,,,,America/Chicago,9.84,30.705,-88.04,286,80.1,2026-07-11T05:00:00-0500,2026-07-11T10:00:00+00:00,2026-07-11T00:00:00-05:00,2026-07-11T23:03:00-05:00,2026-07-11T05:00:00+00:00,2026-07-12T04:03:00+00:00,115
NTC8737048,Mobile State Docks,AL,US,,,,America/Chicago,4.0,30.70461,-88.03961,278,80.1,2026-07-11T05:24:00-0500,2026-07-11T10:24:00+00:00,2026-07-11T00:00:00-05:00,2026-07-11T23:03:00-05:00,2026-07-11T05:00:00+00:00,2026-07-12T04:03:00+00:00,66
NDBCPILL1,"8760721 - Pilottown, LA",LA,US,,,,America/Chicago,7.55,29.179,-89.259,286,80.2,2026-07-11T05:24:00-0500,2026-07-11T10:24:00+00:00,2026-07-11T00:00:00-05:00,2026-07-11T23:03:00-05:00,2026-07-11T05:00:00+00:00,2026-07-12T04:03:00+00:00,121
NDBCWYCM6,"8747437 - Bay Waveland Yacht Club, MS",MS,US,,,,America/Chicago,0.0,30.326,-89.326,286,80.2,2026-07-11T05:36:00-0500,2026-07-11T10:36:00+00:00,2026-07-11T00:00:00-05:00,2026-07-11T23:03:00-05:00,2026-07-11T05:00:00+00:00,2026-07-12T04:03:00+00:00,121
KBIX,Keesler Air Force Base / Biloxi,MS,US,,,,America/Chicago,33.0,30.41667,-88.91667,1,80.6,2026-07-11T04:50:00-0500,2026-07-11T09:50:00+00:00,2026-07-11T00:00:00-05:00,2026-07-11T23:03:00-05:00,2026-07-11T05:00:00+00:00,2026-07-12T04:03:00+00:00,24
KEKE,EUGENE ISLAND 25,,,,,,Etc/GMT+6,102.0,28.50000,-91.58330,1,80.6,2026-07-11T12:50:00-0600,2026-07-11T18:50:00+00:00,2026-07-11T00:00:00-05:00,2026-07-11T23:03:00-05:00,2026-07-11T05:00:00+00:00,2026-07-12T04:03:00+00:00,67
BONA1,BONSECOUR,AL,US,,,,America/Chicago,20.0,30.252780,-87.8125,2,81.0,2026-07-11T05:50:00-0500,2026-07-11T10:50:00+00:00,2026-07-11T00:00:00-05:00,2026-07-11T23:03:00-05:00,2026-07-11T05:00:00+00:00,2026-07-12T04:03:00+00:00,23
F7996,FW7996 Perdido Key,FL,US,,,,America/Chicago,8.96,30.32700,-87.36833,65,81.0,2026-07-11T06:50:00-0500,2026-07-11T11:50:00+00:00,2026-07-11T00:00:00-05:00,2026-07-11T23:03:00-05:00,2026-07-11T05:00:00+00:00,2026-07-12T04:03:00+00:00,138
G0933,GW0933 Pensacola,FL,US,,,,America/Chicago,16.4,30.26633,-87.26533,65,81.0,2026-07-11T06:30:00-0500,2026-07-11T11:30:00+00:00,2026-07-11T00:00:00-05:00,2026-07-11T23:03:00-05:00,2026-07-11T05:00:00+00:00,2026-07-12T04:03:00+00:00,314
1199W,Pensacola High School,FL,US,,,,America/Chicago,69.0,30.43479,-87.22465,249,81.1,2026-07-11T06:10:00-0500,2026-07-11T11:10:00+00:00,2026-07-11T00:00:00-05:00,2026-07-11T23:03:00-05:00,2026-07-11T05:00:00+00:00,2026-07-12T04:03:00+00:00,138
GDXM6,NERRS METEOROLOGICAL SITE AT GRAND BAY NEAR MOSS POINT 8SE,MS,US,,,,America/Chicago,0.0,30.35722,-88.41889,188,81.1,2026-07-11T06:45:00-0500,2026-07-11T11:45:00+00:00,2026-07-11T00:00:00-05:00,2026-07-11T23:03:00-05:00,2026-07-11T05:00:00+00:00,2026-07-12T04:03:00+00:00,88
NDBCGDXM6,"Crooked Bayou, Grand Bay Reserve, MS",MS,US,,,,America/Chicago,0.0,30.359,-88.42,286,81.1,2026-07-11T06:45:00-0500,2026-07-11T11:45:00+00:00,2026-07-11T00:00:00-05:00,2026-07-11T23:03:00-05:00,2026-07-11T05:00:00+00:00,2026-07-12T04:03:00+00:00,89
NDBCPTOA1,"8737005 - Pinto Island, AL",,,,,,America/Chicago,14.11,30.671,-88.031,286,81.1,2026-07-11T13:24:00-0500,2026-07-11T18:24:00+00:00,2026-07-11T00:00:00-05:00,2026-07-11T23:03:00-05:00,2026-07-11T05:00:00+00:00,2026-07-12T04:03:00+00:00,124
SSLYH,Davenport Bayou,FL,US,,,,America/Chicago,26.0,30.38129,-87.27328,248,81.1,2026-07-11T06:07:00-0500,2026-07-11T11:07:00+00:00,2026-07-11T00:00:00-05:00,2026-07-11T23:03:00-05:00,2026-07-11T05:00:00+00:00,2026-07-12T04:03:00+00:00,254
NDBCSHBL1,"8761305 - Shell Beach, LA",LA,US,,,,America/Chicago,0.0,29.868,-89.673,286,81.5,2026-07-11T12:54:00-0500,2026-07-11T17:54:00+00:00,2026-07-11T00:00:00-05:00,2026-07-11T23:03:00-05:00,2026-07-11T05:00:00+00:00,2026-07-12T04:03:00+00:00,121
E4624,EW4624 Pensacola,FL,US,,,,America/Chicago,4.0,30.30633,-87.42333,65,82.0,2026-07-11T08:15:00-0500,2026-07-11T13:15:00+00:00,2026-07-11T00:00:00-05:00,2026-07-11T23:03:00-05:00,2026-07-11T05:00:00+00:00,2026-07-12T04:03:00+00:00,93
G0489,GW0489 Pensacola,FL,US,,,,America/Chicago,9.0,30.31467,-87.47833,65,82.0,2026-07-11T14:16:00-0500,2026-07-11T19:16:00+00:00,2026-07-11T00:00:00-05:00,2026-07-11T23:03:00-05:00,2026-07-11T05:00:00+00:00,2026-07-12T04:03:00+00:00,93
SHBL1,Shell Beach,LA,US,,,,America/Chicago,0.0,29.86811,-89.67325,122,82.0,2026-07-11T01:18:00-0500,2026-07-11T06:18:00+00:00,2026-07-11T00:00:00-05:00,2026-07-11T23:03:00-05:00,2026-07-11T05:00:00+00:00,2026-07-12T04:03:00+00:00,227
BURL1,Southwest Pass,LA,US,,,,America/Chicago,0.0,28.90000,-89.43000,96,82.6,2026-07-11T12:00:00-0500,2026-07-11T17:00:00+00:00,2026-07-11T00:00:00-05:00,2026-07-11T23:03:00-05:00,2026-07-11T05:00:00+00:00,2026-07-12T04:03:00+00:00,23
GC42067,42067 - USM-R1,MS,US,,,,America/Chicago,0.0,30.043,-88.649,315,82.8,2026-07-11T20:50:00-0500,2026-07-12T01:50:00+00:00,2026-07-11T00:00:00-05:00,2026-07-11T23:03:00-05:00,2026-07-11T05:00:00+00:00,2026-07-12T04:03:00+00:00,128
NDBCPTFL1,"8762075 - Port Fourchon, LA",LA,US,,,,America/Chicago,4.26,29.114,-90.199,286,82.8,2026-07-11T21:24:00-0500,2026-07-12T02:24:00+00:00,2026-07-11T00:00:00-05:00,2026-07-11T23:03:00-05:00,2026-07-11T05:00:00+00:00,2026-07-12T04:03:00+00:00,121
NDBCPCLF1,"8729840 - Pensacola, FL",FL,US,,,,America/Chicago,9.19,30.404,-87.211,286,82.9,2026-07-11T07:54:00-0500,2026-07-11T12:54:00+00:00,2026-07-11T00:00:00-05:00,2026-07-11T23:03:00-05:00,2026-07-11T05:00:00+00:00,2026-07-12T04:03:00+00:00,121
D9919,DW9919 Gulf Shores,AL,US,,,,America/Chicago,11.02,30.28783,-87.51133,65,83.0,2026-07-11T08:15:00-0500,2026-07-11T13:15:00+00:00,2026-07-11T00:00:00-05:00,2026-07-11T23:03:00-05:00,2026-07-11T05:00:00+00:00,2026-07-12T04:03:00+00:00,81
G5321,GW5321 PENSACOLA,FL,US,,,,America/Chicago,7.91,30.29617,-87.42867,65,83.0,2026-07-11T08:09:00-0500,2026-07-11T13:09:00+00:00,2026-07-11T00:00:00-05:00,2026-07-11T23:03:00-05:00,2026-07-11T05:00:00+00:00,2026-07-12T04:03:00+00:00,276
PCLF1,Pensacola,FL,US,,,,America/Chicago,13.0,30.40440,-87.21120,122,83.0,2026-07-11T07:54:00-0500,2026-07-11T12:54:00+00:00,2026-07-11T00:00:00-05:00,2026-07-11T23:03:00-05:00,2026-07-11T05:00:00+00:00,2026-07-12T04:03:00+00:00,227
PSTL1,Pilots Station East,LA,US,,,,America/Chicago,0.0,28.93220,-89.40750,122,83.0,2026-07-11T11:30:00-0500,2026-07-11T16:30:00+00:00,2026-07-11T00:00:00-05:00,2026-07-11T23:03:00-05:00,2026-07-11T05:00:00+00:00,2026-07-12T04:03:00+00:00,226
NDBCPSTL1,"8760922 - Pilot's Station East, SW Pass, LA",LA,US,,,,America/Chicago,11.81,28.932,-89.407,286,83.1,2026-07-11T11:30:00-0500,2026-07-11T16:30:00+00:00,2026-07-11T00:00:00-05:00,2026-07-11T23:03:00-05:00,2026-07-11T05:00:00+00:00,2026-07-12T04:03:00+00:00,121
NDBCPTBM6,"8741003 - Petit Bois Island, Port of Pascagoula, MS",,,,,,America/Chicago,,30.213,-88.505,286,83.3,2026-07-11T19:54:00-0500,2026-07-12T00:54:00+00:00,2026-07-11T00:00:00-05:00,2026-07-11T23:03:00-05:00,2026-07-11T05:00:00+00:00,2026-07-12T04:03:00+00:00,121
1896W,FSWN Escambia Perdido Key,FL,US,,,,America/Chicago,3.0,30.29158,-87.46896,249,83.5,2026-07-11T08:10:00-0500,2026-07-11T13:10:00+00:00,2026-07-11T00:00:00-05:00,2026-07-11T23:03:00-05:00,2026-07-11T05:00:00+00:00,2026-07-12T04:03:00+00:00,138
NDBC42084,"Southwest Pass Entrance W, LA (256)",,,,,,Etc/GMT+6,0.0,28.988,-89.649,286,83.5,2026-07-11T11:00:00-0600,2026-07-11T17:00:00+00:00,2026-07-11T00:00:00-05:00,2026-07-11T23:03:00-05:00,2026-07-11T05:00:00+00:00,2026-07-12T04:03:00+00:00,42
NDBCFRWL1,"8766072 - Freshwater Canal Locks, LA",LA,US,,,,America/Chicago,6.89,29.552,-92.305,286,83.5,2026-07-11T19:42:00-0500,2026-07-12T00:42:00+00:00,2026-07-11T00:00:00-05:00,2026-07-11T23:03:00-05:00,2026-07-11T05:00:00+00:00,2026-07-12T04:03:00+00:00,121
NDBCGISL1,"8761724 - Grand Isle, LA",,,,,,America/Chicago,8.86,29.265,-89.958,286,83.7,2026-07-11T09:24:00-0500,2026-07-11T14:24:00+00:00,2026-07-11T00:00:00-05:00,2026-07-11T23:03:00-05:00,2026-07-11T05:00:00+00:00,2026-07-12T04:03:00+00:00,121
PTBM6,Petit Bois Is,MS,US,,,,America/Chicago,0.0,30.21330,-88.50000,121,83.8,2026-07-11T00:30:00-0500,2026-07-11T05:30:00+00:00,2026-07-11T00:00:00-05:00,2026-07-11T23:03:00-05:00,2026-07-11T05:00:00+00:00,2026-07-12T04:03:00+00:00,60
COOPPSAF1,PENSACOLA 7 NNE,FL,US,,,,America/Chicago,114.0,30.5301,-87.19847,74,84.0,2026-07-11T00:00:00-0500,2026-07-11T05:00:00+00:00,2026-07-11T00:00:00-05:00,2026-07-11T23:03:00-05:00,2026-07-11T05:00:00+00:00,2026-07-12T04:03:00+00:00,1
DILA1,Dauphin Island,AL,US,,,,America/Chicago,0.0,30.25000,-88.07500,122,84.0,2026-07-11T08:30:00-0500,2026-07-11T13:30:00+00:00,2026-07-11T00:00:00-05:00,2026-07-11T23:03:00-05:00,2026-07-11T05:00:00+00:00,2026-07-12T04:03:00+00:00,227
FRWL1,Freshwater Canal Locks,LA,US,,,,America/Chicago,0.0,29.55500,-92.30500,122,84.0,2026-07-11T07:12:00-0500,2026-07-11T12:12:00+00:00,2026-07-11T00:00:00-05:00,2026-07-11T23:03:00-05:00,2026-07-11T05:00:00+00:00,2026-07-12T04:03:00+00:00,227
GISL1,Grand Isle,LA,US,,,,America/Chicago,0.0,29.26330,-89.95670,122,84.0,2026-07-11T00:00:00-0500,2026-07-11T05:00:00+00:00,2026-07-11T00:00:00-05:00,2026-07-11T23:03:00-05:00,2026-07-11T05:00:00+00:00,2026-07-12T04:03:00+00:00,226
KIKT,Nakika Subsea Development Platform,MS,US,,,,Etc/GMT+6,0.0,28.5208,-88.2889,1,84.2,2026-07-11T00:00:00-0600,2026-07-11T06:00:00+00:00,2026-07-11T00:00:00-05:00,2026-07-11T23:03:00-05:00,2026-07-11T05:00:00+00:00,2026-07-12T04:03:00+00:00,68
KMTK,SOUTH PASS 89E,,,,,,Etc/GMT+6,164.0,28.70000,-89.40000,108,84.2,2026-07-11T19:15:00-0600,2026-07-12T01:15:00+00:00,2026-07-11T00:00:00-05:00,2026-07-11T23:03:00-05:00,2026-07-11T05:00:00+00:00,2026-07-12T04:03:00+00:00,58
NDBCDILA1,"8735180 - Dauphin Island, AL",,,,,,America/Chicago,23.29,30.25,-88.075,286,84.2,2026-07-11T08:30:00-0500,2026-07-11T13:30:00+00:00,2026-07-11T00:00:00-05:00,2026-07-11T23:03:00-05:00,2026-07-11T05:00:00+00:00,2026-07-12T04:03:00+00:00,121
NDBCKIKT,Mississippi Canyon 474 / Na Kika FPU (BP),,,,,,Etc/GMT+6,,28.521,-88.289,286,84.2,2026-07-11T00:00:00-0600,2026-07-11T06:00:00+00:00,2026-07-11T00:00:00-05:00,2026-07-11T23:03:00-05:00,2026-07-11T05:00:00+00:00,2026-07-12T04:03:00+00:00,68
42084,Southwest Pass Entrance W,LA,US,,,,Etc/GMT+6,,28.988,-89.649,96,84.4,2026-07-11T07:30:00-0600,2026-07-11T13:30:00+00:00,2026-07-11T00:00:00-05:00,2026-07-11T23:03:00-05:00,2026-07-11T05:00:00+00:00,2026-07-12T04:03:00+00:00,3
GC42084,"42084 - Southwest Pass Entrance W, LA (CDIP 256)",LA,US,,,,Etc/GMT+6,0.0,28.988,-89.649,315,84.4,2026-07-11T07:30:00-0600,2026-07-11T13:30:00+00:00,2026-07-11T00:00:00-05:00,2026-07-11T23:03:00-05:00,2026-07-11T05:00:00+00:00,2026-07-12T04:03:00+00:00,20
NDBC42012,"ORANGE BEACH - 44 NM SE of Mobile, AL",,,,,,Etc/GMT+6,0.0,30.06,-87.548,286,84.4,2026-07-11T10:30:00-0600,2026-07-11T16:30:00+00:00,2026-07-11T00:00:00-05:00,2026-07-11T23:03:00-05:00,2026-07-11T05:00:00+00:00,2026-07-12T04:03:00+00:00,134
NDBCEFLA1,"8734536 - E Range Front Light Visibility, AL",,,,,,America/Chicago,14.11,30.429,-88.01,286,84.7,2026-07-11T13:30:00-0500,2026-07-11T18:30:00+00:00,2026-07-11T00:00:00-05:00,2026-07-11T23:03:00-05:00,2026-07-11T05:00:00+00:00,2026-07-12T04:03:00+00:00,121
EFLA1,E Range Front Light Visibility,AL,US,,,,America/Chicago,14.0,30.42861,-88.00972,96,84.8,2026-07-11T13:30:00-0500,2026-07-11T18:30:00+00:00,2026-07-11T00:00:00-05:00,2026-07-11T23:03:00-05:00,2026-07-11T05:00:00+00:00,2026-07-12T04:03:00+00:00,121
E6361,EW6361 Orange Beach,AL,US,,,,America/Chicago,1.05,30.304,-87.476,65,85.0,2026-07-11T06:00:00-0500,2026-07-11T11:00:00+00:00,2026-07-11T00:00:00-05:00,2026-07-11T23:03:00-05:00,2026-07-11T05:00:00+00:00,2026-07-12T04:03:00+00:00,93
FRMA1,Fort Morgan,AL,US,,,,America/Chicago,5.0,30.23445,-87.99361,96,85.1,2026-07-11T22:00:00-0500,2026-07-12T03:00:00+00:00,2026-07-11T00:00:00-05:00,2026-07-11T23:03:00-05:00,2026-07-11T05:00:00+00:00,2026-07-12T04:03:00+00:00,120
NDBCFRMA1,"8734383 - Fort Morgan, AL",AL,US,,,,America/Chicago,5.34,30.234,-87.994,286,85.1,2026-07-11T22:00:00-0500,2026-07-12T03:00:00+00:00,2026-07-11T00:00:00-05:00,2026-07-11T23:03:00-05:00,2026-07-11T05:00:00+00:00,2026-07-12T04:03:00+00:00,120
GCDPHA1,"DISL - Dauphin Island, AL",AL,US,,,,America/Chicago,0.0,30.2513,-88.0778,315,85.7,2026-07-11T04:00:00-0500,2026-07-11T09:00:00+00:00,2026-07-11T00:00:00-05:00,2026-07-11T23:03:00-05:00,2026-07-11T05:00:00+00:00,2026-07-12T04:03:00+00:00,22
DPHA1,Dauphin Island Sea Lab,AL,US,,,,America/Chicago,,30.25139,-88.07777,96,85.8,2026-07-11T04:00:00-0500,2026-07-11T09:00:00+00:00,2026-07-11T00:00:00-05:00,2026-07-11T23:03:00-05:00,2026-07-11T05:00:00+00:00,2026-07-12T04:03:00+00:00,21
NTC8734383,Fort Morgan,AL,US,,,,America/Chicago,0.0,30.234333,-87.99358,278,85.8,2026-07-11T06:18:00-0500,2026-07-11T11:18:00+00:00,2026-07-11T00:00:00-05:00,2026-07-11T23:03:00-05:00,2026-07-11T05:00:00+00:00,2026-07-12T04:03:00+00:00,66
42012,Buoy 42012,,,,,,America/Chicago,0.0,30.10000,-87.60000,96,86.4,2026-07-11T13:20:00-0500,2026-07-11T18:20:00+00:00,2026-07-11T00:00:00-05:00,2026-07-11T23:03:00-05:00,2026-07-11T05:00:00+00:00,2026-07-12T04:03:00+00:00,7
GCKATA1,"KATA - Katrina Cut, AL",AL,US,,,,America/Chicago,0.0,30.2583,-88.2131,315,86.5,2026-07-11T18:00:00-0500,2026-07-11T23:00:00+00:00,2026-07-11T00:00:00-05:00,2026-07-11T23:03:00-05:00,2026-07-11T05:00:00+00:00,2026-07-12T04:03:00+00:00,30
KATA1,KATA1,AL,US,,,,America/Chicago,0.0,30.25833,-88.21305,96,86.6,2026-07-11T14:00:00-0500,2026-07-11T19:00:00+00:00,2026-07-11T00:00:00-05:00,2026-07-11T23:03:00-05:00,2026-07-11T05:00:00+00:00,2026-07-12T04:03:00+00:00,28
GCCRTA1,"CATA - Cedar Point, AL",AL,US,,,,America/Chicago,0.0,30.3085,-88.1395,315,86.7,2026-07-11T21:00:00-0500,2026-07-12T02:00:00+00:00,2026-07-11T00:00:00-05:00,2026-07-11T23:03:00-05:00,2026-07-11T05:00:00+00:00,2026-07-12T04:03:00+00:00,1
GCMHPA1,"MHPA - Meaher Park, AL",AL,US,,,,America/Chicago,0.0,30.6671,-87.9365,315,86.7,2026-07-11T21:00:00-0500,2026-07-12T02:00:00+00:00,2026-07-11T00:00:00-05:00,2026-07-11T23:03:00-05:00,2026-07-11T05:00:00+00:00,2026-07-12T04:03:00+00:00,1
COOPBLXM6,BILOXI,MS,US,,,,America/Chicago,10.0,30.393,-89.0008,73,88.0,2026-07-11T19:00:00-0500,2026-07-12T00:00:00+00:00,2026-07-11T00:00:00-05:00,2026-07-11T23:03:00-05:00,2026-07-11T05:00:00+00:00,2026-07-12T04:03:00+00:00,1
GCPPTA1,"PPTA - Perdido Pass, AL",AL,US,,,,America/Chicago,0.0,30.2791,-87.5561,315,92.4,2026-07-11T08:00:00-0500,2026-07-11T13:00:00+00:00,2026-07-11T00:00:00-05:00,2026-07-11T23:03:00-05:00,2026-07-11T05:00:00+00:00,2026-07-12T04:03:00+00:00,22
PPTA1,PPTA1,AL,US,,,,America/Chicago,0.0,30.27917,-87.55611,96,92.5,2026-07-11T08:00:00-0500,2026-07-11T13:00:00+00:00,2026-07-11T00:00:00-05:00,2026-07-11T23:03:00-05:00,2026-07-11T05:00:00+00:00,2026-07-12T04:03:00+00:00,21
GCBSPA1,"BSPA - Battleship Park, AL",AL,US,,,,America/Chicago,0.0,30.6826,-88.0122,315,92.7,2026-07-11T08:00:00-0500,2026-07-11T13:00:00+00:00,2026-07-11T00:00:00-05:00,2026-07-11T23:03:00-05:00,2026-07-11T05:00:00+00:00,2026-07-12T04:03:00+00:00,14
