stid,name,state,country,county,cwa,nwszone,timezone,elevation_ft,lat,lon,mnet_id,window_start_utc,window_end_utc,precip_in,first_report,last_report,report_type,count
F0338,FW0338 Plaucheville,LA,US,,,,America/Chicago,39.0,30.94383,-91.96533,65,2026-04-18T22:26:00+00:00,2026-04-19T22:26:00+00:00,1.56,2026-04-18T17:25:00-0500,2026-04-19T17:22:00-0500,precip_accum_since_local_midnight,283
LM025,ULM_CPOT,LA,US,,,,America/Chicago,43.9993,30.42204,-92.23156,313,2026-04-18T22:26:00+00:00,2026-04-19T22:26:00+00:00,1.4,2026-04-18T17:25:00-0500,2026-04-19T17:05:00-0500,precip_accum_since_local_midnight,284
AX220,KI5MVM METAIRIE,LA,US,,,,America/Chicago,3.28,30.02833,-90.21383,65,2026-04-18T22:26:00+00:00,2026-04-19T22:26:00+00:00,1.35,2026-04-18T17:26:00-0500,2026-04-19T17:21:00-0500,precip_accum_since_local_midnight,286
KOPL,Opelousas St Landry Parish Airport,LA,US,,,,America/Chicago,75.0,30.55840,-92.09940,1,2026-04-18T22:26:00+00:00,2026-04-19T22:26:00+00:00,1.23,2026-04-18T17:35:00-0500,2026-04-19T17:15:00-0500,precip_accum_one_hour,68
TCSL1,THOMPSON CREEK NEAR STARHILL,LA,US,,,,America/Chicago,55.0,30.74750,-91.28556,106,2026-04-18T22:26:00+00:00,2026-04-19T22:26:00+00:00,1.19,2026-04-18T17:30:00-0500,2026-04-19T16:45:00-0500,precip_accum,93
2161W,Erwinville Community Center,LA,US,,,,America/Chicago,72.0,30.54203,-91.36364,249,2026-04-18T22:26:00+00:00,2026-04-19T22:26:00+00:00,1.06,2026-04-18T17:30:00-0500,2026-04-19T17:10:00-0500,precip_accum_since_local_midnight,141
F5486,FW5486 Carencro,LA,US,,,,America/Chicago,49.44,30.31517,-92.0225,65,2026-04-18T22:26:00+00:00,2026-04-19T22:26:00+00:00,1.05,2026-04-18T17:25:00-0500,2026-04-19T17:17:00-0500,precip_accum_since_local_midnight,273
LM019,ULM_MORG,LA,US,,,,America/Chicago,31.0007,30.72307,-91.53518,313,2026-04-18T22:26:00+00:00,2026-04-19T22:26:00+00:00,1.01,2026-04-18T17:25:00-0500,2026-04-19T17:05:00-0500,precip_accum_since_local_midnight,284
1826W,SWBNO East Bank Water Intake- Carrollton Bend,LA,US,,,,America/Chicago,10.0,29.95499,-90.13982,249,2026-04-18T22:26:00+00:00,2026-04-19T22:26:00+00:00,0.97,2026-04-18T17:30:00-0500,2026-04-19T17:10:00-0500,precip_accum_since_local_midnight,141
G0610,GW0610 Metairie,LA,US,,,,America/Chicago,-1.44,29.98450,-90.13883,65,2026-04-18T22:26:00+00:00,2026-04-19T22:26:00+00:00,0.9,2026-04-18T17:25:00-0500,2026-04-19T17:15:00-0500,precip_accum_since_local_midnight,286
JCHL1,JONES CREEK AT OLD HAMMOND HIGHWAY AT MILLERVILLE,LA,US,,,,America/Chicago,55.0,30.44056,-91.04444,106,2026-04-18T22:26:00+00:00,2026-04-19T22:26:00+00:00,0.89,2026-04-18T17:30:00-0500,2026-04-19T17:00:00-0500,precip_accum,93
MAGL1,AMITE RIVER AT MAGNOLIA BRIDGE NEAR DENHAN SPRINGS 4NNW,LA,US,,,,America/Chicago,59.0,30.53472,-90.98056,106,2026-04-18T22:26:00+00:00,2026-04-19T22:26:00+00:00,0.86,2026-04-18T17:30:00-0500,2026-04-19T16:30:00-0500,precip_accum,92
BAKL1,COMITE RIVER NEAR BAKER 4E,LA,US,,,,America/Chicago,8.0,30.59611,-91.09417,106,2026-04-18T22:26:00+00:00,2026-04-19T22:26:00+00:00,0.86,2026-04-18T17:30:00-0500,2026-04-19T17:00:00-0500,precip_accum,93
KNSE,Milton - Whiting Field Naval Air Station North,FL,US,,,,America/Chicago,184.0,30.72848,-87.02192,1,2026-04-18T22:26:00+00:00,2026-04-19T22:26:00+00:00,0.81,2026-04-18T16:56:00-0500,2026-04-19T16:56:00-0500,precip_accum_one_hour,22
WBHL1,WHITE BAYOU AT HIGHWAY 64 NEAR ZACHARY 2SE,LA,US,,,,America/Chicago,95.0,30.63611,-91.12722,106,2026-04-18T22:26:00+00:00,2026-04-19T22:26:00+00:00,0.8,2026-04-18T17:30:00-0500,2026-04-19T17:00:00-0500,precip_accum,93
G6440,GW6440 LACOMBE,LA,US,,,,America/Chicago,91.86,30.31150,-89.93917,65,2026-04-18T22:26:00+00:00,2026-04-19T22:26:00+00:00,0.79,2026-04-18T17:30:00-0500,2026-04-19T17:15:00-0500,precip_accum_since_local_midnight,95
LM026,ULM_VILP,LA,US,,,,America/Chicago,70.0,30.65821,-92.27666,313,2026-04-18T22:26:00+00:00,2026-04-19T22:26:00+00:00,0.77,2026-04-18T17:25:00-0500,2026-04-19T17:05:00-0500,precip_accum_since_local_midnight,284
F5866,FW5866 Duson,LA,US,,,,America/Chicago,24.9,30.16483,-92.12017,65,2026-04-18T22:26:00+00:00,2026-04-19T22:26:00+00:00,0.77,2026-04-18T17:30:00-0500,2026-04-19T17:15:00-0500,precip_accum_since_local_midnight,95
AX182,KD5VOO BATON ROUGE,LA,US,,,,America/Chicago,236.22,30.51533,-91.06350,65,2026-04-18T22:26:00+00:00,2026-04-19T22:26:00+00:00,0.77,2026-04-18T17:28:00-0500,2026-04-19T17:17:00-0500,precip_accum_since_local_midnight,283
ARNL1,BAYOU TECHE AT ARNAUDVILLE,LA,US,,,,America/Chicago,32.0,30.39722,-91.93056,106,2026-04-18T22:26:00+00:00,2026-04-19T22:26:00+00:00,0.74,2026-04-18T17:30:00-0500,2026-04-19T16:45:00-0500,precip_accum,93
2162W,Homeland Security & 911 Center,LA,US,,,,America/Chicago,148.0,30.43095,-91.20390,249,2026-04-18T22:26:00+00:00,2026-04-19T22:26:00+00:00,0.74,2026-04-18T17:30:00-0500,2026-04-19T17:10:00-0500,precip_accum_since_local_midnight,141
AV683,KG5WBN New Orleans,LA,US,,,,America/Chicago,6.56,29.95400,-90.12617,65,2026-04-18T22:26:00+00:00,2026-04-19T22:26:00+00:00,0.72,2026-04-18T17:25:00-0500,2026-04-19T17:15:00-0500,precip_accum_since_local_midnight,283
2166W,Port Allen,LA,US,,,,America/Chicago,49.0,30.49915,-91.21744,249,2026-04-18T22:26:00+00:00,2026-04-19T22:26:00+00:00,0.72,2026-04-18T17:30:00-0500,2026-04-19T17:10:00-0500,precip_accum_since_local_midnight,141
BMIL1,BAYOU MALLET AT HWY 91 NORTH OF IOTA,LA,US,,,,America/Chicago,45.0,30.39444,-92.49750,106,2026-04-18T22:26:00+00:00,2026-04-19T22:26:00+00:00,0.7,2026-04-18T17:30:00-0500,2026-04-19T17:00:00-0500,precip_accum,94
G6357,GW6357 SLIDELL,LA,US,,,,America/Chicago,16.4,30.31283,-89.81633,65,2026-04-18T22:26:00+00:00,2026-04-19T22:26:00+00:00,0.68,2026-04-18T17:30:00-0500,2026-04-19T17:15:00-0500,precip_accum_since_local_midnight,95
E1090,EW1090 Metairie,LA,US,,,,America/Chicago,-0.66,30.00500,-90.14217,65,2026-04-18T22:26:00+00:00,2026-04-19T22:26:00+00:00,0.68,2026-04-18T17:28:00-0500,2026-04-19T17:18:00-0500,precip_accum_since_local_midnight,277
AV521,W5IC East Baton Rouge Parish      LA US,LA,US,,,,America/Chicago,27.62,30.40400,-91.08467,65,2026-04-18T22:26:00+00:00,2026-04-19T22:26:00+00:00,0.68,2026-04-18T17:26:00-0500,2026-04-19T17:20:00-0500,precip_accum_since_local_midnight,271
VRWL1,VERMILION RIVER AT WOODLAWN,LA,US,,,,America/Chicago,29.0,30.06111,-92.07889,106,2026-04-18T22:26:00+00:00,2026-04-19T22:26:00+00:00,0.66,2026-04-18T17:30:00-0500,2026-04-19T17:00:00-0500,precip_accum,94
DENL1,AMITE RIVER NEAR DENHAM SPRINGS 3SW,LA,US,,,,America/Chicago,32.0,30.46389,-90.99028,106,2026-04-18T22:26:00+00:00,2026-04-19T22:26:00+00:00,0.66,2026-04-18T17:30:00-0500,2026-04-19T17:15:00-0500,precip_accum,95
G6841,GW6841 BREAUX BRIDGE,LA,US,,,,America/Chicago,23.0,30.25950,-91.84000,65,2026-04-18T22:26:00+00:00,2026-04-19T22:26:00+00:00,0.65,2026-04-18T17:24:00-0500,2026-04-19T17:13:00-0500,precip_accum_since_local_midnight,283
1884W,St. Charles Parish EOC,LA,US,,,,America/Chicago,30.0,29.96418,-90.40399,249,2026-04-18T22:26:00+00:00,2026-04-19T22:26:00+00:00,0.63,2026-04-18T17:30:00-0500,2026-04-19T17:10:00-0500,precip_accum_since_local_midnight,141
CMTL1,COMITE RIVER AT JOOR ROAD NEAR COMITE 3W,LA,US,,,,America/Chicago,48.0,30.51250,-91.07361,106,2026-04-18T22:26:00+00:00,2026-04-19T22:26:00+00:00,0.62,2026-04-18T17:30:00-0500,2026-04-19T17:15:00-0500,precip_accum,92
1878W,NOPD Stables - City Park,LA,US,,,,America/Chicago,10.0,30.00485,-90.09718,249,2026-04-18T22:26:00+00:00,2026-04-19T22:26:00+00:00,0.62,2026-04-18T17:30:00-0500,2026-04-19T17:10:00-0500,precip_accum_since_local_midnight,139
C2220,CW2220 Kaplan,LA,US,,,,America/Chicago,16.4,30.00720,-92.29422,65,2026-04-18T22:26:00+00:00,2026-04-19T22:26:00+00:00,0.61,2026-04-18T17:30:00-0500,2026-04-19T17:15:00-0500,precip_accum_since_local_midnight,95
BENL1,CATAHOULA,LA,US,,,,America/Chicago,230.0,31.50211,-92.46131,2,2026-04-18T22:26:00+00:00,2026-04-19T22:26:00+00:00,0.61,2026-04-18T17:43:00-0500,2026-04-19T16:43:00-0500,precip_accum,23
KLFT,"Lafayette, Lafayette Regional Airport",LA,US,,,,America/Chicago,39.0,30.20222,-91.99306,1,2026-04-18T22:26:00+00:00,2026-04-19T22:26:00+00:00,0.6,2026-04-18T17:53:00-0500,2026-04-19T16:53:00-0500,precip_accum_one_hour,35
HOOL1,COMITE RIVER AT HOOPER ROAD NEAR BATON ROUGE 6NNE,LA,US,,,,America/Chicago,7.0,30.53056,-91.09361,106,2026-04-18T22:26:00+00:00,2026-04-19T22:26:00+00:00,0.6,2026-04-18T17:30:00-0500,2026-04-19T17:00:00-0500,precip_accum,92
ESWL1,BAYOU PLAQUEMINE BRULE AT ESTERWOOD,LA,US,,,,America/Chicago,19.0,30.19806,-92.46333,106,2026-04-18T22:26:00+00:00,2026-04-19T22:26:00+00:00,0.6,2026-04-18T17:30:00-0500,2026-04-19T17:00:00-0500,precip_accum,94
1887W,NOFD Logistics - Navarre,LA,US,,,,America/Chicago,10.0,29.98489,-90.10899,249,2026-04-18T22:26:00+00:00,2026-04-19T22:26:00+00:00,0.6,2026-04-18T17:30:00-0500,2026-04-19T17:10:00-0500,precip_accum_since_local_midnight,141
CRWL1,BYU PLAQUEMINE BRULE NEAR CROWLEY 2NW,LA,US,,,,America/Chicago,19.0,30.23611,-92.39639,106,2026-04-18T22:26:00+00:00,2026-04-19T22:26:00+00:00,0.59,2026-04-18T17:30:00-0500,2026-04-19T17:00:00-0500,precip_accum,94
KBTR,"Baton Rouge, Baton Rouge Metropolitan, Ryan Field",LA,US,,,,America/Chicago,69.0,30.53722,-91.14694,1,2026-04-18T22:26:00+00:00,2026-04-19T22:26:00+00:00,0.57,2026-04-18T17:53:00-0500,2026-04-19T16:53:00-0500,precip_accum_one_hour,32
COML1,COMITE RIVER AT COMITE DRIVE NEAR BATON ROUGE,LA,US,,,,America/Chicago,9.0,30.55806,-91.09806,106,2026-04-18T22:26:00+00:00,2026-04-19T22:26:00+00:00,0.57,2026-04-18T17:30:00-0500,2026-04-19T17:00:00-0500,precip_accum,93
G2074,GW2074 CONVENT,LA,US,,,,America/Chicago,22.97,30.06967,-90.86883,65,2026-04-18T22:26:00+00:00,2026-04-19T22:26:00+00:00,0.56,2026-04-18T17:30:00-0500,2026-04-19T17:15:00-0500,precip_accum_since_local_midnight,149
E6362,EW6362 New Orleans,LA,US,,,,America/Chicago,-0.53,29.97367,-90.08567,65,2026-04-18T22:26:00+00:00,2026-04-19T22:26:00+00:00,0.56,2026-04-18T17:26:00-0500,2026-04-19T17:15:00-0500,precip_accum_since_local_midnight,277
BBNL1,BIG BRANCH NWR,LA,US,,,,America/Chicago,11.0,30.321670,-89.935280,2,2026-04-18T22:26:00+00:00,2026-04-19T22:26:00+00:00,0.56,2026-04-18T17:47:00-0500,2026-04-19T16:47:00-0500,precip_accum,23
AT845,K0CPM-2 KATY,LA,US,,,,America/Chicago,124.67,29.96450,-90.14627,65,2026-04-18T22:26:00+00:00,2026-04-19T22:26:00+00:00,0.56,2026-04-18T17:30:00-0500,2026-04-19T17:15:00-0500,precip_accum_since_local_midnight,96
1875W,NOFD Engine 27 - Seventh Ward/St.Roch,LA,US,,,,America/Chicago,7.0,29.97951,-90.05844,249,2026-04-18T22:26:00+00:00,2026-04-19T22:26:00+00:00,0.56,2026-04-18T17:30:00-0500,2026-04-19T17:10:00-0500,precip_accum_since_local_midnight,141
KESF,Alexandria Esler Regional Airport,LA,US,,,,America/Chicago,85.0,31.39634,-92.28273,1,2026-04-18T22:26:00+00:00,2026-04-19T22:26:00+00:00,0.55,2026-04-18T17:53:00-0500,2026-04-19T16:53:00-0500,precip_accum_one_hour,23
HBRL1,HURRICANE CREEK AT BATON ROUGE 2NE,LA,US,,,,America/Chicago,85.0,30.48194,-91.12250,106,2026-04-18T22:26:00+00:00,2026-04-19T22:26:00+00:00,0.54,2026-04-18T17:30:00-0500,2026-04-19T17:15:00-0500,precip_accum,95
G1868,GW1868 VACHERIE,LA,US,,,,America/Chicago,10.17,29.93701,-90.69312,65,2026-04-18T22:26:00+00:00,2026-04-19T22:26:00+00:00,0.53,2026-04-18T17:21:00-0500,2026-04-19T17:10:00-0500,precip_accum_since_local_midnight,95
1968W,Port NOLA Maintenance- Uptown/West Riverside,LA,US,,,,America/Chicago,20.0,29.91441,-90.11443,249,2026-04-18T22:26:00+00:00,2026-04-19T22:26:00+00:00,0.53,2026-04-18T17:30:00-0500,2026-04-19T17:10:00-0500,precip_accum_since_local_midnight,141
FLBL1,FLAGON BAYOU NE OF LIBUSE,LA,US,,,,America/Chicago,104.0,31.38389,-92.29694,106,2026-04-18T22:26:00+00:00,2026-04-19T22:26:00+00:00,0.52,2026-04-18T17:30:00-0500,2026-04-19T16:45:00-0500,precip_accum,93
AS718,N5PRN Jena,LA,US,,,,America/Chicago,209.0,31.70200,-92.11870,65,2026-04-18T22:26:00+00:00,2026-04-19T22:26:00+00:00,0.52,2026-04-18T17:25:00-0500,2026-04-19T17:20:00-0500,precip_accum_since_local_midnight,284
F5707,FW5707 Pineville,LA,US,,,,America/Chicago,104.99,31.37983,-92.46767,65,2026-04-18T22:26:00+00:00,2026-04-19T22:26:00+00:00,0.51,2026-04-18T17:31:00-0500,2026-04-19T17:15:00-0500,precip_accum_since_local_midnight,95
E1616,EW1616 Baton Rouge,LA,US,,,,America/Chicago,37.63,30.41100,-90.94720,65,2026-04-18T22:26:00+00:00,2026-04-19T22:26:00+00:00,0.51,2026-04-18T17:25:00-0500,2026-04-19T17:20:00-0500,precip_accum_since_local_midnight,286
LM012,ULM_JENA,LA,US,,,,America/Chicago,211.0,31.66897,-92.15916,313,2026-04-18T22:26:00+00:00,2026-04-19T22:26:00+00:00,0.49,2026-04-18T17:25:00-0500,2026-04-19T17:10:00-0500,precip_accum_since_local_midnight,285
KJKA,Jack Edwards Airport,AL,US,,,,America/Chicago,16.0,30.28960,-87.67180,1,2026-04-18T22:26:00+00:00,2026-04-19T22:26:00+00:00,0.48,2026-04-18T17:55:00-0500,2026-04-19T16:56:00-0500,precip_accum_one_hour,41
2158W,Brusly Police Department,LA,US,,,,America/Chicago,82.0,30.38593,-91.24429,249,2026-04-18T22:26:00+00:00,2026-04-19T22:26:00+00:00,0.48,2026-04-18T17:30:00-0500,2026-04-19T17:10:00-0500,precip_accum_since_local_midnight,141
1890W,Municipal Yacht Harbor - Lakefront,LA,US,,,,America/Chicago,3.0,30.02836,-90.11563,249,2026-04-18T22:26:00+00:00,2026-04-19T22:26:00+00:00,0.48,2026-04-18T17:30:00-0500,2026-04-19T17:10:00-0500,precip_accum_since_local_midnight,141
1819W,Loyola University New Orleans - Uptown/Audubon,LA,US,,,,America/Chicago,30.0,29.93707,-90.11992,249,2026-04-18T22:26:00+00:00,2026-04-19T22:26:00+00:00,0.48,2026-04-18T17:30:00-0500,2026-04-19T17:10:00-0500,precip_accum_since_local_midnight,141
2156W,Addis VFW Hall,LA,US,,,,America/Chicago,52.0,30.35007,-91.26724,249,2026-04-18T22:26:00+00:00,2026-04-19T22:26:00+00:00,0.47,2026-04-18T17:30:00-0500,2026-04-19T17:10:00-0500,precip_accum_since_local_midnight,141
1313W,Alex Box Stadium,LA,US,,,,America/Chicago,36.0,30.40666,-91.18750,249,2026-04-18T22:26:00+00:00,2026-04-19T22:26:00+00:00,0.47,2026-04-18T17:30:00-0500,2026-04-19T17:20:00-0500,precip_accum_since_local_midnight,142
WCEL1,WARD CREEK AT ESSEN LANE NEAR INNISWOLD 1NW,LA,US,,,,America/Chicago,41.0,30.40472,-91.10333,106,2026-04-18T22:26:00+00:00,2026-04-19T22:26:00+00:00,0.46,2026-04-18T17:30:00-0500,2026-04-19T17:00:00-0500,precip_accum,93
FSLL1,AMITE RIVER AT FRENCH SETTLEMENT,LA,US,,,,America/Chicago,8.0,30.27528,-90.77917,106,2026-04-18T22:26:00+00:00,2026-04-19T22:26:00+00:00,0.46,2026-04-18T17:30:00-0500,2026-04-19T17:00:00-0500,precip_accum,93
CWWL1,CHOCTAW BAYOU AT HWY 404 W OF WHITE CASTLE,LA,US,,,,America/Chicago,29.0,30.12639,-91.28639,106,2026-04-18T22:26:00+00:00,2026-04-19T22:26:00+00:00,0.46,2026-04-18T17:30:00-0500,2026-04-19T16:45:00-0500,precip_accum,93
LRBL1,LITTLE RIVER AT BOGGY BAYOU ROAD,LA,US,,,,America/Chicago,62.0,31.14167,-92.00944,106,2026-04-18T22:26:00+00:00,2026-04-19T22:26:00+00:00,0.45,2026-04-18T17:30:00-0500,2026-04-19T16:30:00-0500,precip_accum,91
KARA,Acadiana Regional Airport,LA,US,,,,America/Chicago,13.0,30.02918,-91.88451,1,2026-04-18T22:26:00+00:00,2026-04-19T22:26:00+00:00,0.45,2026-04-18T17:53:00-0500,2026-04-19T16:53:00-0500,precip_accum_one_hour,44
G5294,GW5294 BATON ROUGE,LA,US,,,,America/Chicago,19.68,30.36583,-91.04050,65,2026-04-18T22:26:00+00:00,2026-04-19T22:26:00+00:00,0.45,2026-04-18T17:28:00-0500,2026-04-19T17:13:00-0500,precip_accum_since_local_midnight,282
CADL1,USCRN SITE AT UNIVERSITY OF LOUISIANA AT LAFAYETTE - CADE FARM NEAR LAFAYETTE 13SE,LA,US,,,,America/Chicago,35.0,30.09194,-91.87306,123,2026-04-18T22:26:00+00:00,2026-04-19T22:26:00+00:00,0.45,2026-04-18T17:00:00-0500,2026-04-19T17:00:00-0500,precip_accum,24
2016W,Killona Volunteer Fire Department,LA,US,,,,America/Chicago,92.0,30.00142,-90.48636,249,2026-04-18T22:26:00+00:00,2026-04-19T22:26:00+00:00,0.45,2026-04-18T17:30:00-0500,2026-04-19T17:10:00-0500,precip_accum_since_local_midnight,141
F7886,FW7886 BATON ROUGE,LA,US,,,,America/Chicago,22.8,30.33122,-91.12713,65,2026-04-18T22:26:00+00:00,2026-04-19T22:26:00+00:00,0.44,2026-04-18T17:24:00-0500,2026-04-19T17:14:00-0500,precip_accum_since_local_midnight,280
BBRL1,BAYOU FOUNTAIN AT BLUEBONNET ROAD NEAR BATON ROUGE 7SSE,LA,US,,,,America/Chicago,24.0,30.35833,-91.10806,106,2026-04-18T22:26:00+00:00,2026-04-19T22:26:00+00:00,0.44,2026-04-18T17:30:00-0500,2026-04-19T17:00:00-0500,precip_accum,93
HENL1,HENDERSON BAYOU NEAR PORT VINCENT 3SW,LA,US,,,,America/Chicago,27.0,30.29722,-90.88361,106,2026-04-18T22:26:00+00:00,2026-04-19T22:26:00+00:00,0.43,2026-04-18T17:30:00-0500,2026-04-19T17:00:00-0500,precip_accum,94
F4455,FW4455 Prairieville,LA,US,,,,America/Chicago,22.28,30.28850,-90.97317,65,2026-04-18T22:26:00+00:00,2026-04-19T22:26:00+00:00,0.43,2026-04-18T17:30:00-0500,2026-04-19T17:15:00-0500,precip_accum_since_local_midnight,95
CBAL1,CLAYCUT BAYOU AT ANTIOCH ROAD NEAR INNISWOLD 4E,LA,US,,,,America/Chicago,19.0,30.38667,-91.00722,106,2026-04-18T22:26:00+00:00,2026-04-19T22:26:00+00:00,0.43,2026-04-18T17:30:00-0500,2026-04-19T17:00:00-0500,precip_accum,93
OLVL1,COMITE RIVER NEAR OLIVE BRANCH 2NE,LA,US,,,,America/Chicago,114.0,30.75583,-91.04389,106,2026-04-18T22:26:00+00:00,2026-04-19T22:26:00+00:00,0.42,2026-04-18T17:30:00-0500,2026-04-19T17:15:00-0500,precip_accum,95
F3872,FW3872 Orange Beach,AL,US,,,,America/Chicago,15.81,30.28450,-87.58183,65,2026-04-18T22:26:00+00:00,2026-04-19T22:26:00+00:00,0.41,2026-04-18T17:25:00-0500,2026-04-19T17:20:00-0500,precip_accum_since_local_midnight,287
F1193,FW1193 St. Gabriel,LA,US,,,,America/Chicago,16.0,30.30833,-91.101,65,2026-04-18T22:26:00+00:00,2026-04-19T22:26:00+00:00,0.41,2026-04-18T17:25:00-0500,2026-04-19T17:21:00-0500,precip_accum_since_local_midnight,277
G5379,GW5379 GONZALES,LA,US,,,,America/Chicago,9.84,30.23233,-90.93133,65,2026-04-18T22:26:00+00:00,2026-04-19T22:26:00+00:00,0.39,2026-04-18T17:25:00-0500,2026-04-19T17:19:00-0500,precip_accum_since_local_midnight,284
G2193,GW2193 GULF SHORES,AL,US,,,,America/Chicago,26.25,30.26933,-87.67700,65,2026-04-18T22:26:00+00:00,2026-04-19T22:26:00+00:00,0.39,2026-04-18T17:30:00-0500,2026-04-19T17:15:00-0500,precip_accum_since_local_midnight,95
1975W,NOFD Engine 12 - Gentilly/Milneburg,LA,US,,,,America/Chicago,7.0,30.01622,-90.05172,249,2026-04-18T22:26:00+00:00,2026-04-19T22:26:00+00:00,0.39,2026-04-18T17:30:00-0500,2026-04-19T17:10:00-0500,precip_accum_since_local_midnight,141
G6347,GW6347 SLIDELL,LA,US,,,,America/Chicago,16.4,30.29883,-89.75800,65,2026-04-18T22:26:00+00:00,2026-04-19T22:26:00+00:00,0.38,2026-04-18T17:30:00-0500,2026-04-19T17:15:00-0500,precip_accum_since_local_midnight,95
G4801,GW4801 METAIRIE,LA,US,,,,America/Chicago,0.0,29.98333,-90.21667,65,2026-04-18T22:26:00+00:00,2026-04-19T22:26:00+00:00,0.38,2026-04-18T17:26:00-0500,2026-04-19T17:17:00-0500,precip_accum_since_local_midnight,281
FFAL1,FRENCH FORK LITTLE RIVER AT ARCHIE,LA,US,,,,America/Chicago,55.0,31.57389,-91.99194,106,2026-04-18T22:26:00+00:00,2026-04-19T22:26:00+00:00,0.38,2026-04-18T17:30:00-0500,2026-04-19T16:45:00-0500,precip_accum,93
F8402,FW8402 Youngsville,LA,US,,,,America/Chicago,25.39,30.11383,-92.01083,65,2026-04-18T22:26:00+00:00,2026-04-19T22:26:00+00:00,0.38,2026-04-18T17:26:00-0500,2026-04-19T17:15:00-0500,precip_accum_since_local_midnight,283
D7368,DW7368 Pecan Island,LA,US,,,,America/Chicago,3.0,29.64983,-92.4195,65,2026-04-18T22:26:00+00:00,2026-04-19T22:26:00+00:00,0.38,2026-04-18T17:30:00-0500,2026-04-19T17:15:00-0500,precip_accum_since_local_midnight,95
C1353,CW1353 Mobile,AL,US,,,,America/Chicago,160.6,30.60783,-88.25833,65,2026-04-18T22:26:00+00:00,2026-04-19T22:26:00+00:00,0.38,2026-04-18T17:24:00-0500,2026-04-19T17:13:00-0500,precip_accum_since_local_midnight,143
DCBL1,DAWSON CREEK AT BLUEBONNET BOULEVARD NEAR INNISWOLD 1SW,LA,US,,,,America/Chicago,36.0,30.38222,-91.09417,106,2026-04-18T22:26:00+00:00,2026-04-19T22:26:00+00:00,0.37,2026-04-18T17:30:00-0500,2026-04-19T17:00:00-0500,precip_accum,93
ARDL1,AMITE RIVER DIVERSION SOUTH OF WHITEHALL,LA,US,,,,America/Chicago,26.0,30.22667,-90.68806,106,2026-04-18T22:26:00+00:00,2026-04-19T22:26:00+00:00,0.37,2026-04-18T17:30:00-0500,2026-04-19T17:15:00-0500,precip_accum,95
1885W,NOFD Rescue Squad 7 - Treme,LA,US,,,,America/Chicago,10.0,29.96268,-90.07154,249,2026-04-18T22:26:00+00:00,2026-04-19T22:26:00+00:00,0.37,2026-04-18T17:30:00-0500,2026-04-19T17:10:00-0500,precip_accum_since_local_midnight,141
LM028,ULM_CLIN,LA,US,,,,America/Chicago,241.001,30.84559,-90.98049,313,2026-04-18T22:26:00+00:00,2026-04-19T22:26:00+00:00,0.36,2026-04-18T17:25:00-0500,2026-04-19T17:05:00-0500,precip_accum_since_local_midnight,284
KASD,"Slidell, Slidell Airport",LA,US,,,,America/Chicago,30.0,30.34306,-89.82194,1,2026-04-18T22:26:00+00:00,2026-04-19T22:26:00+00:00,0.36,2026-04-18T17:53:00-0500,2026-04-19T16:53:00-0500,precip_accum_one_hour,38
K0R4,Vidalia Concordia Parish,LA,US,,,,America/Chicago,54.0,31.5620,-91.5065,1,2026-04-18T22:26:00+00:00,2026-04-19T22:26:00+00:00,0.36,2026-04-18T17:35:00-0500,2026-04-19T17:15:00-0500,precip_accum_one_hour,67
F9828,KC5DP Tickfaw,LA,US,,,,America/Chicago,73.49,30.58516,-90.49816,65,2026-04-18T22:26:00+00:00,2026-04-19T22:26:00+00:00,0.35,2026-04-18T17:26:00-0500,2026-04-19T17:15:00-0500,precip_accum_since_local_midnight,283
1774W,Cottage Hill Christian Academy,AL,US,,,,America/Chicago,118.0,30.65139,-88.21527,249,2026-04-18T22:26:00+00:00,2026-04-19T22:26:00+00:00,0.35,2026-04-18T17:30:00-0500,2026-04-19T17:10:00-0500,precip_accum_since_local_midnight,141
LM009,ULM_ACME,LA,US,,,,America/Chicago,44.9997,31.34476,-91.71883,313,2026-04-18T22:26:00+00:00,2026-04-19T22:26:00+00:00,0.34,2026-04-18T17:25:00-0500,2026-04-19T17:05:00-0500,precip_accum_since_local_midnight,284
KMSY,"New Orleans, New Orleans International Airport",LA,US,,,,America/Chicago,3.0,29.99278,-90.25083,1,2026-04-18T22:26:00+00:00,2026-04-19T22:26:00+00:00,0.34,2026-04-18T17:53:00-0500,2026-04-19T16:53:00-0500,precip_accum_one_hour,34
G0554,GW0554 Perkinston,MS,US,,,,America/Chicago,240.0,30.73850,-89.12817,65,2026-04-18T22:26:00+00:00,2026-04-19T22:26:00+00:00,0.34,2026-04-18T17:25:00-0500,2026-04-19T17:19:00-0500,precip_accum_since_local_midnight,284
2248W,Regional Transit Authority - Mid City,LA,US,,,,America/Chicago,148.0,29.96720,-90.08893,249,2026-04-18T22:26:00+00:00,2026-04-19T22:26:00+00:00,0.34,2026-04-18T17:30:00-0500,2026-04-19T17:10:00-0500,precip_accum_since_local_midnight,141
1311W,Tiger Stadium,LA,US,,,,America/Chicago,52.0,30.41192,-91.18376,249,2026-04-18T22:26:00+00:00,2026-04-19T22:26:00+00:00,0.34,2026-04-18T17:30:00-0500,2026-04-19T17:20:00-0500,precip_accum_since_local_midnight,142
PPAL1,BELLE RIVER AT HWY 70 NEAR PIERRE PART 4SSW,LA,US,,,,America/Chicago,16.0,29.90917,-91.21583,106,2026-04-18T22:26:00+00:00,2026-04-19T22:26:00+00:00,0.33,2026-04-18T17:30:00-0500,2026-04-19T16:45:00-0500,precip_accum,93
G6059,GW6059 PEARL RIVER,LA,US,,,,America/Chicago,39.37,30.36817,-89.77317,65,2026-04-18T22:26:00+00:00,2026-04-19T22:26:00+00:00,0.33,2026-04-18T17:30:00-0500,2026-04-19T17:15:00-0500,precip_accum_since_local_midnight,91
BBGL1,BLACK BAYOU NEAR GONZALES 3NE,LA,US,,,,America/Chicago,32.0,30.23722,-90.87000,106,2026-04-18T22:26:00+00:00,2026-04-19T22:26:00+00:00,0.33,2026-04-18T17:30:00-0500,2026-04-19T16:45:00-0500,precip_accum,93
OWCL1,OLD WARD CREEK DIVISION AT HIGHLAND ROAD,LA,US,,,,America/Chicago,32.0,30.35500,-91.01500,106,2026-04-18T22:26:00+00:00,2026-04-19T22:26:00+00:00,0.32,2026-04-18T17:30:00-0500,2026-04-19T17:00:00-0500,precip_accum,94
MSS20,Natchez,MS,US,,,,America/Chicago,75.0,31.34067,-91.39999,236,2026-04-18T22:26:00+00:00,2026-04-19T22:26:00+00:00,0.32,2026-04-18T17:30:00-0500,2026-04-19T17:00:00-0500,precip_accum_fifteen_minute,93
MAUL1,AMITE RIVER AT HWY 22 NEAR MAUREPAS 3ENE,LA,US,,,,America/Chicago,8.0,30.30917,-90.61028,106,2026-04-18T22:26:00+00:00,2026-04-19T22:26:00+00:00,0.32,2026-04-18T17:30:00-0500,2026-04-19T17:00:00-0500,precip_accum,93
K1R7,Brookhaven-Lincoln County Airport,MS,US,,,,America/Chicago,489.0,31.60580,-90.40930,1,2026-04-18T22:26:00+00:00,2026-04-19T22:26:00+00:00,0.32,2026-04-18T17:35:00-0500,2026-04-19T17:15:00-0500,precip_accum_one_hour,71
CONL1,BAYOU CONWAY NEAR SORRENTO,LA,US,,,,America/Chicago,16.0,30.17306,-90.84444,106,2026-04-18T22:26:00+00:00,2026-04-19T22:26:00+00:00,0.32,2026-04-18T17:30:00-0500,2026-04-19T17:00:00-0500,precip_accum,94
2245W,City Equipment Maintenance - Desire,LA,US,,,,America/Chicago,33.0,29.99992,-90.03133,249,2026-04-18T22:26:00+00:00,2026-04-19T22:26:00+00:00,0.32,2026-04-18T17:30:00-0500,2026-04-19T17:10:00-0500,precip_accum_since_local_midnight,141
1881W,NOFD Engine 16 - Central City,LA,US,,,,America/Chicago,16.0,29.94131,-90.08049,249,2026-04-18T22:26:00+00:00,2026-04-19T22:26:00+00:00,0.32,2026-04-18T17:30:00-0500,2026-04-19T17:10:00-0500,precip_accum_since_local_midnight,141
SHCM6,MS SANDHILL CRANE - FTS,MS,US,,,,America/Chicago,25.0,30.452780,-88.661670,2,2026-04-18T22:26:00+00:00,2026-04-19T22:26:00+00:00,0.31,2026-04-18T17:51:00-0500,2026-04-19T16:51:00-0500,precip_accum,23
G5218,GW5218 SLIDELL,LA,US,,,,America/Chicago,78.08,30.27483,-89.75933,65,2026-04-18T22:26:00+00:00,2026-04-19T22:26:00+00:00,0.31,2026-04-18T17:30:00-0500,2026-04-19T17:15:00-0500,precip_accum_since_local_midnight,95
AW503,KX4DU FAIRHOPE,AL,US,,,,America/Chicago,104.0,30.49100,-87.87483,65,2026-04-18T22:26:00+00:00,2026-04-19T22:26:00+00:00,0.31,2026-04-18T17:25:00-0500,2026-04-19T17:20:00-0500,precip_accum_since_local_midnight,287
ABKL1,BAYOU MANCHAC AT ALLIGATOR BAYOU NEAR PRAIRIEVILLE 3WNW,LA,US,,,,America/Chicago,9.0,30.32139,-91.02083,106,2026-04-18T22:26:00+00:00,2026-04-19T22:26:00+00:00,0.31,2026-04-18T17:30:00-0500,2026-04-19T17:00:00-0500,precip_accum,94
RHCM6,COVINGTON,MS,US,,,,America/Chicago,290.0,31.749720,-89.516390,2,2026-04-18T22:26:00+00:00,2026-04-19T22:26:00+00:00,0.3,2026-04-18T17:09:00-0500,2026-04-19T17:09:00-0500,precip_accum,24
PVLL1,AMITE RIVER AT PORT VINCENT,LA,US,,,,America/Chicago,24.0,30.33250,-90.85194,106,2026-04-18T22:26:00+00:00,2026-04-19T22:26:00+00:00,0.3,2026-04-18T17:30:00-0500,2026-04-19T17:15:00-0500,precip_accum,95
PANL1,PANAMA CANAL AT HIGHWAY 44 NEAR GONZALES 5S,LA,US,,,,America/Chicago,8.0,30.17056,-90.91917,106,2026-04-18T22:26:00+00:00,2026-04-19T22:26:00+00:00,0.3,2026-04-18T17:30:00-0500,2026-04-19T17:00:00-0500,precip_accum,94
G5906,GW5906 EDGARD,LA,US,,,,America/Chicago,24.41,30.04533,-90.56333,65,2026-04-18T22:26:00+00:00,2026-04-19T22:26:00+00:00,0.3,2026-04-18T17:25:00-0500,2026-04-19T17:19:00-0500,precip_accum_since_local_midnight,284
F1622,FW1622 New Orleans,LA,US,,,,America/Chicago,6.1,29.9435,-90.06983,65,2026-04-18T22:26:00+00:00,2026-04-19T22:26:00+00:00,0.3,2026-04-18T17:26:00-0500,2026-04-19T17:18:00-0500,precip_accum_since_local_midnight,138
E1043,EW1043 Lutcher,LA,US,,,,America/Chicago,10.56,30.05633,-90.69917,65,2026-04-18T22:26:00+00:00,2026-04-19T22:26:00+00:00,0.3,2026-04-18T17:30:00-0500,2026-04-19T17:15:00-0500,precip_accum_since_local_midnight,94
YLBA1,Bayou La Batre,AL,US,,,,America/Chicago,13.0,30.3956,-88.2478,3011,2026-04-18T22:26:00+00:00,2026-04-19T22:26:00+00:00,0.29,2026-04-18T17:26:00-0500,2026-04-19T17:15:00-0500,precip_accum_one_minute,1426
WGPL1,WELSH GULLY NEAR PRAIRIEVILLE 2NNE,LA,US,,,,America/Chicago,32.0,30.33667,-90.96889,106,2026-04-18T22:26:00+00:00,2026-04-19T22:26:00+00:00,0.29,2026-04-18T17:30:00-0500,2026-04-19T17:00:00-0500,precip_accum,93
GVLL1,AMITE RIVER NEAR GRANGEVILLE 1SW,LA,US,,,,America/Chicago,112.0,30.73611,-90.84167,106,2026-04-18T22:26:00+00:00,2026-04-19T22:26:00+00:00,0.29,2026-04-18T17:30:00-0500,2026-04-19T17:00:00-0500,precip_accum,94
F0324,FW0324 Thibodaux,LA,US,,,,America/Chicago,4.63,29.87333,-90.81733,65,2026-04-18T22:26:00+00:00,2026-04-19T22:26:00+00:00,0.29,2026-04-18T17:25:00-0500,2026-04-19T17:20:00-0500,precip_accum_since_local_midnight,287
PRBL1,WEST PEARL RIVER NEAR SLIDELL 5ENE,LA,US,,,,America/Chicago,32.0,30.29778,-89.70222,106,2026-04-18T22:26:00+00:00,2026-04-19T22:26:00+00:00,0.28,2026-04-18T17:30:00-0500,2026-04-19T16:45:00-0500,precip_accum,93
MCOL1,MUDDY CREEK NEAR OAK GROVE 2ENE,LA,US,,,,America/Chicago,32.0,30.32056,-90.95417,106,2026-04-18T22:26:00+00:00,2026-04-19T22:26:00+00:00,0.28,2026-04-18T17:30:00-0500,2026-04-19T16:30:00-0500,precip_accum,73
F9742,FW9742 Paulina,LA,US,,,,America/Chicago,10.01,30.03800,-90.74150,65,2026-04-18T22:26:00+00:00,2026-04-19T22:26:00+00:00,0.28,2026-04-18T17:28:00-0500,2026-04-19T17:17:00-0500,precip_accum_since_local_midnight,283
F6464,FW6464 Long Beach,MS,US,,,,America/Chicago,22.97,30.36467,-89.18633,65,2026-04-18T22:26:00+00:00,2026-04-19T22:26:00+00:00,0.28,2026-04-18T17:30:00-0500,2026-04-19T17:15:00-0500,precip_accum_since_local_midnight,95
F0278,FW0278 Summit,MS,US,,,,America/Chicago,383.56,31.26650,-90.52733,65,2026-04-18T22:26:00+00:00,2026-04-19T22:26:00+00:00,0.28,2026-04-18T17:30:00-0500,2026-04-19T17:15:00-0500,precip_accum_since_local_midnight,95
C9352,CW9352 Pensacola,FL,US,,,,America/Chicago,19.91,30.33417,-87.35500,65,2026-04-18T22:26:00+00:00,2026-04-19T22:26:00+00:00,0.28,2026-04-18T17:30:00-0500,2026-04-19T17:10:00-0500,precip_accum_since_local_midnight,142
LM008,ULM_JVIL,LA,US,,,,America/Chicago,51.9997,31.58849,-91.85472,313,2026-04-18T22:26:00+00:00,2026-04-19T22:26:00+00:00,0.27,2026-04-18T17:25:00-0500,2026-04-19T17:05:00-0500,precip_accum_since_local_midnight,284
F7820,FW7820 Hattiesburg,MS,US,,,,America/Chicago,361.81,31.32883,-89.44100,65,2026-04-18T22:26:00+00:00,2026-04-19T22:26:00+00:00,0.27,2026-04-18T17:25:00-0500,2026-04-19T17:15:00-0500,precip_accum_since_local_midnight,275
F0094,FW0094 Slidell,LA,US,,,,America/Chicago,11.32,30.28167,-89.773,65,2026-04-18T22:26:00+00:00,2026-04-19T22:26:00+00:00,0.27,2026-04-18T17:26:00-0500,2026-04-19T17:20:00-0500,precip_accum_since_local_midnight,287
2216W,UWF Rec Plex North,FL,US,,,,America/Chicago,33.0,30.54595,-87.21278,249,2026-04-18T22:26:00+00:00,2026-04-19T22:26:00+00:00,0.27,2026-04-18T17:30:00-0500,2026-04-19T17:10:00-0500,precip_accum_since_local_midnight,141
LM027,ULM_KENT,LA,US,,,,America/Chicago,251.001,30.8852,-90.6086,313,2026-04-18T22:26:00+00:00,2026-04-19T22:26:00+00:00,0.26,2026-04-18T17:25:00-0500,2026-04-19T17:05:00-0500,precip_accum_since_local_midnight,284
F7996,FW7996 Perdido Key,FL,US,,,,America/Chicago,8.96,30.32700,-87.36833,65,2026-04-18T22:26:00+00:00,2026-04-19T22:26:00+00:00,0.26,2026-04-18T17:30:00-0500,2026-04-19T17:10:00-0500,precip_accum_since_local_midnight,141
2242W,NOFD Engine 4 - Pines Village,LA,US,,,,America/Chicago,33.0,30.02271,-90.02339,249,2026-04-18T22:26:00+00:00,2026-04-19T22:26:00+00:00,0.26,2026-04-18T17:30:00-0500,2026-04-19T17:10:00-0500,precip_accum_since_local_midnight,141
USA12,Gasque,AL,US,,,,America/Chicago,4.0,30.23870,-87.85400,3011,2026-04-18T22:26:00+00:00,2026-04-19T22:26:00+00:00,0.25,2026-04-18T17:26:00-0500,2026-04-19T17:15:00-0500,precip_accum_one_minute,1429
TRTL1,TANGIPAHOA RIVER NEAR TICKFAW,LA,US,,,,America/Chicago,75.0,30.60250,-90.43889,106,2026-04-18T22:26:00+00:00,2026-04-19T22:26:00+00:00,0.25,2026-04-18T17:30:00-0500,2026-04-19T16:45:00-0500,precip_accum,93
G6344,GW6344 BUSH,LA,US,,,,America/Chicago,88.58,30.60533,-89.94750,65,2026-04-18T22:26:00+00:00,2026-04-19T22:26:00+00:00,0.25,2026-04-18T17:30:00-0500,2026-04-19T17:15:00-0500,precip_accum_since_local_midnight,95
E9083,W4NDF-13 METAIRIE,LA,US,,,,America/Chicago,9.0,29.98114,-90.19902,65,2026-04-18T22:26:00+00:00,2026-04-19T22:26:00+00:00,0.25,2026-04-18T17:24:00-0500,2026-04-19T17:19:00-0500,precip_accum_since_local_midnight,284
E1604,EW1604 GAUTIER,MS,US,,,,America/Chicago,19.0,30.45950,-88.64750,65,2026-04-18T22:26:00+00:00,2026-04-19T22:26:00+00:00,0.25,2026-04-18T17:30:00-0500,2026-04-19T17:15:00-0500,precip_accum_since_local_midnight,94
AW575,N4SZO-7 MOBILE,AL,US,,,,America/Chicago,135.01,30.63200,-88.17850,65,2026-04-18T22:26:00+00:00,2026-04-19T22:26:00+00:00,0.25,2026-04-18T17:27:00-0500,2026-04-19T17:17:00-0500,precip_accum_since_local_midnight,284
G6342,GW6342 BUSH,LA,US,,,,America/Chicago,183.73,30.62500,-90.04400,65,2026-04-18T22:26:00+00:00,2026-04-19T22:26:00+00:00,0.24,2026-04-18T17:30:00-0500,2026-04-19T17:15:00-0500,precip_accum_since_local_midnight,84
CUSL1,TCHEFUNCTE RIVER AT US 190 NEAR COVINGTON 4WNW,LA,US,,,,America/Chicago,8.0,30.49444,-90.16944,106,2026-04-18T22:26:00+00:00,2026-04-19T22:26:00+00:00,0.24,2026-04-18T17:30:00-0500,2026-04-19T16:30:00-0500,precip_accum,75
C7580,CW7580 Gramercy,LA,US,,,,America/Chicago,8.63,30.06333,-90.69917,65,2026-04-18T22:26:00+00:00,2026-04-19T22:26:00+00:00,0.24,2026-04-18T17:25:00-0500,2026-04-19T17:21:00-0500,precip_accum_since_local_midnight,297
C6488,CW6488 Covington,LA,US,,,,America/Chicago,28.74,30.488,-90.14033,65,2026-04-18T22:26:00+00:00,2026-04-19T22:26:00+00:00,0.24,2026-04-18T17:30:00-0500,2026-04-19T17:15:00-0500,precip_accum_since_local_midnight,80
AU112,KA5ZCI Laplace,LA,US,,,,America/Chicago,7.0,30.06017,-90.44817,65,2026-04-18T22:26:00+00:00,2026-04-19T22:26:00+00:00,0.24,2026-04-18T17:25:00-0500,2026-04-19T17:20:00-0500,precip_accum_since_local_midnight,240
PNTL1,TANGIPAHOA RIVER NEAR PONCHATOULA 6E,LA,US,,,,America/Chicago,45.0,30.44361,-90.33444,106,2026-04-18T22:26:00+00:00,2026-04-19T22:26:00+00:00,0.23,2026-04-18T17:30:00-0500,2026-04-19T16:45:00-0500,precip_accum,93
MPAM6,PIKE,MS,US,,,,America/Chicago,366.0,31.186940,-90.478060,2,2026-04-18T22:26:00+00:00,2026-04-19T22:26:00+00:00,0.23,2026-04-18T17:09:00-0500,2026-04-19T17:09:00-0500,precip_accum,24
LM030,ULM_CHAL,LA,US,,,,America/Chicago,6.0007,29.97033,-89.95386,313,2026-04-18T22:26:00+00:00,2026-04-19T22:26:00+00:00,0.23,2026-04-18T17:25:00-0500,2026-04-19T17:05:00-0500,precip_accum_since_local_midnight,284
KREG,Louisiana Regional Airport,LA,US,,,,America/Chicago,14.0,30.1714,-90.9404,1,2026-04-18T22:26:00+00:00,2026-04-19T22:26:00+00:00,0.23,2026-04-18T17:35:00-0500,2026-04-19T17:15:00-0500,precip_accum_one_hour,68
KHDC,"Hammond, Hammond Municipal Airport",LA,US,,,,America/Chicago,43.0,30.52083,-90.41750,1,2026-04-18T22:26:00+00:00,2026-04-19T22:26:00+00:00,0.23,2026-04-18T17:35:00-0500,2026-04-19T17:15:00-0500,precip_accum_one_hour,68
G2672,GW2672 West Mobile,AL,US,,,,America/Chicago,206.99,30.67950,-88.24017,65,2026-04-18T22:26:00+00:00,2026-04-19T22:26:00+00:00,0.23,2026-04-18T17:30:00-0500,2026-04-19T17:16:00-0500,precip_accum_since_local_midnight,94
F4663,FW4663 Thibodaux,LA,US,,,,America/Chicago,5.61,29.77467,-90.78567,65,2026-04-18T22:26:00+00:00,2026-04-19T22:26:00+00:00,0.23,2026-04-18T17:31:00-0500,2026-04-19T17:15:00-0500,precip_accum_since_local_midnight,94
CSEL1,CHAPPEPEELA CREEK SE OF LORANGER,LA,US,,,,America/Chicago,95.0,30.60639,-90.33194,106,2026-04-18T22:26:00+00:00,2026-04-19T22:26:00+00:00,0.23,2026-04-18T17:30:00-0500,2026-04-19T16:45:00-0500,precip_accum,93
AT261,KE5JZM-1 Lutcher,LA,US,,,,America/Chicago,10.96,30.04367,-90.69933,65,2026-04-18T22:26:00+00:00,2026-04-19T22:26:00+00:00,0.23,2026-04-18T17:26:00-0500,2026-04-19T17:21:00-0500,precip_accum_since_local_midnight,1364
USA3,Grand Bay,AL,US,,,,America/Chicago,54.0,30.50650,-88.36800,3011,2026-04-18T22:26:00+00:00,2026-04-19T22:26:00+00:00,0.22,2026-04-18T17:26:00-0500,2026-04-19T17:14:00-0500,precip_accum_one_minute,1428
TRPL1,TANGIPAHOA RIVER AT TANGIPAHOA,LA,US,,,,America/Chicago,193.0,30.87611,-90.49500,106,2026-04-18T22:26:00+00:00,2026-04-19T22:26:00+00:00,0.22,2026-04-18T17:30:00-0500,2026-04-19T17:00:00-0500,precip_accum,94
OSYM6,TANGIPAHOA RIVER NEAR OSYKA 1NE,MS,US,,,,America/Chicago,262.0,31.01222,-90.46111,106,2026-04-18T22:26:00+00:00,2026-04-19T22:26:00+00:00,0.22,2026-04-18T17:30:00-0500,2026-04-19T17:00:00-0500,precip_accum,94
KLUL,LAUREL/NOBLE FIELD,MS,US,,,,America/Chicago,240.0,31.67,-89.17,1,2026-04-18T22:26:00+00:00,2026-04-19T22:26:00+00:00,0.22,2026-04-18T17:35:00-0500,2026-04-19T17:15:00-0500,precip_accum_one_hour,70
G5434,GW5434 EASTABUCHIE,MS,US,,,,America/Chicago,190.0,31.45250,-89.28433,65,2026-04-18T22:26:00+00:00,2026-04-19T22:26:00+00:00,0.22,2026-04-18T17:30:00-0500,2026-04-19T17:15:00-0500,precip_accum_since_local_midnight,94
G0582,GW0582 Slidel,LA,US,,,,America/Chicago,18.6,30.31983,-89.77150,65,2026-04-18T22:26:00+00:00,2026-04-19T22:26:00+00:00,0.22,2026-04-18T17:25:00-0500,2026-04-19T17:15:00-0500,precip_accum_since_local_midnight,286
G0043,GW0043 Slidell,LA,US,,,,America/Chicago,7.81,30.23100,-89.78983,65,2026-04-18T22:26:00+00:00,2026-04-19T22:26:00+00:00,0.22,2026-04-18T17:26:00-0500,2026-04-19T17:15:00-0500,precip_accum_since_local_midnight,283
D2721,DW2721 Ponchatoula,LA,US,,,,America/Chicago,23.0,30.45999,-90.44988,65,2026-04-18T22:26:00+00:00,2026-04-19T22:26:00+00:00,0.22,2026-04-18T17:25:00-0500,2026-04-19T17:20:00-0500,precip_accum_since_local_midnight,267
BDEM6,BUDE,MS,US,,,,America/Chicago,447.0,31.410560,-90.846670,2,2026-04-18T22:26:00+00:00,2026-04-19T22:26:00+00:00,0.22,2026-04-18T17:05:00-0500,2026-04-19T17:05:00-0500,precip_accum,24
AW815,AI5BL WAYNESSBORO,MS,US,,,,America/Chicago,294.78,31.61517,-88.82750,65,2026-04-18T22:26:00+00:00,2026-04-19T22:26:00+00:00,0.22,2026-04-18T17:28:00-0500,2026-04-19T17:17:00-0500,precip_accum_since_local_midnight,283
AU084,N5PA Ellisville,MS,US,,,,America/Chicago,269.03,31.62283,-89.23383,65,2026-04-18T22:26:00+00:00,2026-04-19T22:26:00+00:00,0.22,2026-04-18T17:25:00-0500,2026-04-19T17:20:00-0500,precip_accum_since_local_midnight,287
TS947,SELA PORTABLE,LA,US,,,,America/Chicago,3.0,30.109000,-89.857830,2,2026-04-18T22:26:00+00:00,2026-04-19T22:26:00+00:00,0.21,2026-04-18T17:34:00-0500,2026-04-19T16:34:00-0500,precip_accum,23
RMAM6,MARION,MS,US,,,,America/Chicago,380.0,31.211390,-89.9225,2,2026-04-18T22:26:00+00:00,2026-04-19T22:26:00+00:00,0.21,2026-04-18T17:09:00-0500,2026-04-19T17:09:00-0500,precip_accum,24
F1110,FW1110 Kenner,LA,US,,,,America/Chicago,-4.4,30.02850,-90.22450,65,2026-04-18T22:26:00+00:00,2026-04-19T22:26:00+00:00,0.21,2026-04-18T17:30:00-0500,2026-04-19T17:16:00-0500,precip_accum_since_local_midnight,95
AW123,N0KWA TALISHEEK,LA,US,,,,America/Chicago,59.05,30.53217,-89.87400,65,2026-04-18T22:26:00+00:00,2026-04-19T22:26:00+00:00,0.21,2026-04-18T17:26:00-0500,2026-04-19T17:21:00-0500,precip_accum_since_local_midnight,284
ASBL1,ABITA RIVER NORTH OF ABITA SPRINGS,LA,US,,,,America/Chicago,15.0,30.48194,-90.03889,106,2026-04-18T22:26:00+00:00,2026-04-19T22:26:00+00:00,0.21,2026-04-18T17:30:00-0500,2026-04-19T16:30:00-0500,precip_accum,81
USA9,Fairhope,AL,US,,,,America/Chicago,125.0,30.54120,-87.88190,3011,2026-04-18T22:26:00+00:00,2026-04-19T22:26:00+00:00,0.2,2026-04-18T17:26:00-0500,2026-04-19T17:15:00-0500,precip_accum_one_minute,1429
KAPS,Port of South Louisiana Executive Regional Airport,LA,US,,,,America/Chicago,7.0,30.08747,-90.58283,1,2026-04-18T22:26:00+00:00,2026-04-19T22:26:00+00:00,0.2,2026-04-18T17:35:00-0500,2026-04-19T17:15:00-0500,precip_accum_one_hour,67
G6343,GW6343 FOLSOM,LA,US,,,,America/Chicago,154.2,30.62883,-90.18833,65,2026-04-18T22:26:00+00:00,2026-04-19T22:26:00+00:00,0.2,2026-04-18T17:30:00-0500,2026-04-19T16:45:00-0500,precip_accum_since_local_midnight,82
E8473,EW8473 Gretna,LA,US,,,,America/Chicago,-1.84,29.90750,-90.04883,65,2026-04-18T22:26:00+00:00,2026-04-19T22:26:00+00:00,0.2,2026-04-18T17:25:00-0500,2026-04-19T17:20:00-0500,precip_accum_since_local_midnight,287
CVEL1,BOGUE FALAYA AT BOSTON STREET AT COVINGTON #3,LA,US,,,,America/Chicago,36.0,30.47639,-90.08944,106,2026-04-18T22:26:00+00:00,2026-04-19T22:26:00+00:00,0.2,2026-04-18T17:30:00-0500,2026-04-19T16:30:00-0500,precip_accum,81
AV042,N5PA-2 Meadville,MS,US,,,,America/Chicago,310.07,31.58700,-90.89833,65,2026-04-18T22:26:00+00:00,2026-04-19T22:26:00+00:00,0.2,2026-04-18T17:25:00-0500,2026-04-19T17:20:00-0500,precip_accum_since_local_midnight,221
LYMM6,BILOXI RIVER NEAR LYMAN 4ESE,MS,US,,,,America/Chicago,1.0,30.48833,-89.03583,106,2026-04-18T22:26:00+00:00,2026-04-19T22:26:00+00:00,0.19,2026-04-18T17:30:00-0500,2026-04-19T16:45:00-0500,precip_accum,93
KMOB,"Mobile, Mobile Regional Airport",AL,US,,,,America/Chicago,217.0,30.68833,-88.24556,1,2026-04-18T22:26:00+00:00,2026-04-19T22:26:00+00:00,0.19,2026-04-18T16:56:00-0500,2026-04-19T16:56:00-0500,precip_accum_one_hour,33
KENL1,TANGIPAHOA RIVER NEAR KENTWOOD 1E,LA,US,,,,America/Chicago,180.0,30.93750,-90.49028,106,2026-04-18T22:26:00+00:00,2026-04-19T22:26:00+00:00,0.19,2026-04-18T17:30:00-0500,2026-04-19T17:00:00-0500,precip_accum,94
KCQF,Sonny Callahan Airport,AL,US,,,,America/Chicago,92.0,30.46100,-87.87700,1,2026-04-18T22:26:00+00:00,2026-04-19T22:26:00+00:00,0.19,2026-04-18T17:35:00-0500,2026-04-19T17:15:00-0500,precip_accum_one_hour,68
K0R0,Columbia-Marion County Airport,MS,US,,,,America/Chicago,265.0,31.2970,-89.8128,1,2026-04-18T22:26:00+00:00,2026-04-19T22:26:00+00:00,0.19,2026-04-18T17:35:00-0500,2026-04-19T17:15:00-0500,precip_accum_one_hour,71
G6345,GW6345 MADISONVILLE,LA,US,,,,America/Chicago,6.56,30.41250,-90.17050,65,2026-04-18T22:26:00+00:00,2026-04-19T22:26:00+00:00,0.19,2026-04-18T17:30:00-0500,2026-04-19T17:15:00-0500,precip_accum_since_local_midnight,95
G5825,GW5825 FOLSOM,LA,US,,,,America/Chicago,108.27,30.62933,-90.22483,65,2026-04-18T22:26:00+00:00,2026-04-19T22:26:00+00:00,0.19,2026-04-18T17:28:00-0500,2026-04-19T17:17:00-0500,precip_accum_since_local_midnight,283
CGSL1,BOGUE FALAYA NEAR CAMP COVINGTON NEAR COVINGTON 7NW,LA,US,,,,America/Chicago,108.0,30.55639,-90.14611,106,2026-04-18T22:26:00+00:00,2026-04-19T22:26:00+00:00,0.19,2026-04-18T17:30:00-0500,2026-04-19T17:00:00-0500,precip_accum,94
BLCM6,BLACK CREEK,MS,US,,,,America/Chicago,277.0,30.848930,-89.033920,2,2026-04-18T22:26:00+00:00,2026-04-19T22:26:00+00:00,0.19,2026-04-18T17:00:00-0500,2026-04-19T17:00:00-0500,precip_accum,24
1208W,Northview High School,FL,US,,,,America/Chicago,276.0,30.96756,-87.40608,249,2026-04-18T22:26:00+00:00,2026-04-19T22:26:00+00:00,0.19,2026-04-18T17:30:00-0500,2026-04-19T17:20:00-0500,precip_accum_since_local_midnight,142
G3222,GW3222 Waynesboro,MS,US,,,,America/Chicago,167.0,31.67737,-88.67066,65,2026-04-18T22:26:00+00:00,2026-04-19T22:26:00+00:00,0.18,2026-04-18T17:30:00-0500,2026-04-19T17:15:00-0500,precip_accum_since_local_midnight,95
FLSL1,TCHEFUNCTA RIVER AT LA 40 NEAR FOLSOM 4WSW,LA,US,,,,America/Chicago,72.0,30.61583,-90.24861,106,2026-04-18T22:26:00+00:00,2026-04-19T22:26:00+00:00,0.18,2026-04-18T17:30:00-0500,2026-04-19T17:00:00-0500,precip_accum,94
C5600,KG5FQT Paulina,LA,US,,,,America/Chicago,6.0,30.03957,-90.71437,65,2026-04-18T22:26:00+00:00,2026-04-19T22:26:00+00:00,0.18,2026-04-18T17:30:00-0500,2026-04-19T17:00:00-0500,precip_accum_since_local_midnight,46
C2378,CW2378 New Orleans,LA,US,,,,America/Chicago,7.0,29.96883,-90.218,65,2026-04-18T22:26:00+00:00,2026-04-19T22:26:00+00:00,0.18,2026-04-18T17:25:00-0500,2026-04-19T17:20:00-0500,precip_accum_since_local_midnight,242
1873W,NORDC Morris F.X. Jeff - Sr. Park - Algiers,LA,US,,,,America/Chicago,13.0,29.94202,-90.02991,249,2026-04-18T22:26:00+00:00,2026-04-19T22:26:00+00:00,0.18,2026-04-18T17:30:00-0500,2026-04-19T17:10:00-0500,precip_accum_since_local_midnight,141
KNEW,"New Orleans, New Orleans Lakefront Airport",LA,US,,,,America/Chicago,7.0,30.04944,-90.02889,1,2026-04-18T22:26:00+00:00,2026-04-19T22:26:00+00:00,0.17,2026-04-18T17:53:00-0500,2026-04-19T16:53:00-0500,precip_accum_one_hour,34
KHEZ,"Natchez, Hardy-Anders Field Natchez-Adams County Airport",MS,US,,,,America/Chicago,264.0,31.61593,-91.29724,1,2026-04-18T22:26:00+00:00,2026-04-19T22:26:00+00:00,0.17,2026-04-18T16:56:00-0500,2026-04-19T16:56:00-0500,precip_accum_one_hour,32
F1704,FW1704 Mandeville,LA,US,,,,America/Chicago,19.95,30.41800,-90.07300,65,2026-04-18T22:26:00+00:00,2026-04-19T22:26:00+00:00,0.17,2026-04-18T17:25:00-0500,2026-04-19T17:20:00-0500,precip_accum_since_local_midnight,287
CKWM6,CAMP KELLER,MS,US,,,,America/Chicago,130.0,30.524230,-88.982030,2,2026-04-18T22:26:00+00:00,2026-04-19T22:26:00+00:00,0.17,2026-04-18T17:00:00-0500,2026-04-19T17:00:00-0500,precip_accum,24
BONA1,BONSECOUR,AL,US,,,,America/Chicago,20.0,30.252780,-87.8125,2,2026-04-18T22:26:00+00:00,2026-04-19T22:26:00+00:00,0.17,2026-04-18T17:50:00-0500,2026-04-19T16:50:00-0500,precip_accum,23
AV585,WI5ARD Bush,LA,US,,,,America/Chicago,147.64,30.60083,-89.96933,65,2026-04-18T22:26:00+00:00,2026-04-19T22:26:00+00:00,0.17,2026-04-18T17:25:00-0500,2026-04-19T17:15:00-0500,precip_accum_since_local_midnight,286
AMIL1,TANGIPAHOA RIVER NEAR AMITE 2ENE,LA,US,,,,America/Chicago,101.0,30.72889,-90.48417,106,2026-04-18T22:26:00+00:00,2026-04-19T22:26:00+00:00,0.17,2026-04-18T17:30:00-0500,2026-04-19T17:00:00-0500,precip_accum,93
2281W,NORDC Norman Playground - Old Aurora,LA,US,,,,America/Chicago,33.0,29.91992,-89.99820,249,2026-04-18T22:26:00+00:00,2026-04-19T22:26:00+00:00,0.17,2026-04-18T17:30:00-0500,2026-04-19T17:10:00-0500,precip_accum_since_local_midnight,141
KPTN,Patterson Memorial,LA,US,,,,America/Chicago,10.0,29.71667,-91.33333,1,2026-04-18T22:26:00+00:00,2026-04-19T22:26:00+00:00,0.16,2026-04-18T16:56:00-0500,2026-04-19T16:56:00-0500,precip_accum_one_hour,28
KMJD,Picayune Municipal Airport,MS,US,,,,America/Chicago,55.0,30.48747,-89.65119,1,2026-04-18T22:26:00+00:00,2026-04-19T22:26:00+00:00,0.16,2026-04-18T17:35:00-0500,2026-04-19T17:15:00-0500,precip_accum_one_hour,69
E4624,EW4624 Pensacola,FL,US,,,,America/Chicago,4.0,30.30633,-87.42333,65,2026-04-18T22:26:00+00:00,2026-04-19T22:26:00+00:00,0.16,2026-04-18T17:30:00-0500,2026-04-19T17:15:00-0500,precip_accum_since_local_midnight,94
AW259,N5YHM-13 ABITA SPRINGS,LA,US,,,,America/Chicago,14.99,30.47100,-90.04300,65,2026-04-18T22:26:00+00:00,2026-04-19T22:26:00+00:00,0.16,2026-04-18T17:27:00-0500,2026-04-19T17:17:00-0500,precip_accum_since_local_midnight,283
1871W,NOFD Engine 36 - New Orleans East,LA,US,,,,America/Chicago,10.0,30.02735,-89.96878,249,2026-04-18T22:26:00+00:00,2026-04-19T22:26:00+00:00,0.16,2026-04-18T17:30:00-0500,2026-04-19T17:10:00-0500,precip_accum_since_local_midnight,141
USA1,USA West,AL,US,,,,America/Chicago,170.0,30.69440,-88.19440,3011,2026-04-18T22:26:00+00:00,2026-04-19T22:26:00+00:00,0.15,2026-04-18T17:26:00-0500,2026-04-19T17:14:00-0500,precip_accum_one_minute,1428
LAUM6,WAUSAU,MS,US,,,,America/Chicago,316.0,31.530350,-88.892370,2,2026-04-18T22:26:00+00:00,2026-04-19T22:26:00+00:00,0.15,2026-04-18T17:36:00-0500,2026-04-19T16:36:00-0500,precip_accum,23
KNBG,New Orleans Naval Air Station - Alvin Callender Field,LA,US,,,,America/Chicago,0.0,29.83736,-90.02445,1,2026-04-18T22:26:00+00:00,2026-04-19T22:26:00+00:00,0.15,2026-04-18T17:55:00-0500,2026-04-19T16:55:00-0500,precip_accum_one_hour,23
KGPT,Gulfport - Gulfport-Biloxi International Airport,MS,US,,,,America/Chicago,26.0,30.41194,-89.08083,1,2026-04-18T22:26:00+00:00,2026-04-19T22:26:00+00:00,0.15,2026-04-18T17:53:00-0500,2026-04-19T16:53:00-0500,precip_accum_one_hour,29
G6029,GW6029 FOLEY,AL,US,,,,America/Chicago,278.87,30.41333,-87.69133,65,2026-04-18T22:26:00+00:00,2026-04-19T22:26:00+00:00,0.15,2026-04-18T17:25:00-0500,2026-04-19T17:19:00-0500,precip_accum_since_local_midnight,284
G5674,GW5674 MONTEREY,LA,US,,,,America/Chicago,50.0,31.31283,-91.83450,65,2026-04-18T22:26:00+00:00,2026-04-19T22:26:00+00:00,0.15,2026-04-18T17:29:00-0500,2026-04-19T17:08:00-0500,precip_accum_since_local_midnight,85
F6181,FW6181 Mandeville,LA,US,,,,America/Chicago,16.44,30.38783,-90.06633,65,2026-04-18T22:26:00+00:00,2026-04-19T22:26:00+00:00,0.15,2026-04-18T17:30:00-0500,2026-04-19T17:15:00-0500,precip_accum_since_local_midnight,95
C4185,CW4185 New Orleans,LA,US,,,,America/Chicago,4.69,29.95,-90.19917,65,2026-04-18T22:26:00+00:00,2026-04-19T22:26:00+00:00,0.15,2026-04-18T17:26:00-0500,2026-04-19T17:21:00-0500,precip_accum_since_local_midnight,286
SFPL1,FRITCHIE PORTABLE,LA,US,,,,America/Chicago,3.0,30.244170,-89.721390,2,2026-04-18T22:26:00+00:00,2026-04-19T22:26:00+00:00,0.14,2026-04-18T17:17:00-0500,2026-04-19T17:17:00-0500,precip_accum,24
KPIB,"Hattiesburg/Laurel, Hattiesburg-Laurel Regional Airport",MS,US,,,,America/Chicago,299.0,31.46667,-89.33333,1,2026-04-18T22:26:00+00:00,2026-04-19T22:26:00+00:00,0.14,2026-04-18T16:56:00-0500,2026-04-19T16:56:00-0500,precip_accum_one_hour,33
GRBM6,GRAND BAY,MS,US,,,,America/Chicago,7.0,30.438330,-88.425560,2,2026-04-18T22:26:00+00:00,2026-04-19T22:26:00+00:00,0.14,2026-04-18T17:50:00-0500,2026-04-19T16:50:00-0500,precip_accum,23
G6346,GW6346 LACOMBE,LA,US,,,,America/Chicago,22.97,30.35700,-89.92183,65,2026-04-18T22:26:00+00:00,2026-04-19T22:26:00+00:00,0.14,2026-04-18T17:30:00-0500,2026-04-19T17:15:00-0500,precip_accum_since_local_midnight,94
E0561,EW0561 Covington,LA,US,,,,America/Chicago,23.62,30.46750,-90.14100,65,2026-04-18T22:26:00+00:00,2026-04-19T22:26:00+00:00,0.14,2026-04-18T17:30:00-0500,2026-04-19T17:15:00-0500,precip_accum_since_local_midnight,96
AR152,KC5LIO Fairhope,AL,US,,,,America/Chicago,91.53,30.51833,-87.81717,65,2026-04-18T22:26:00+00:00,2026-04-19T22:26:00+00:00,0.14,2026-04-18T17:32:00-0500,2026-04-19T17:17:00-0500,precip_accum_since_local_midnight,80
GDXM6,NERRS METEOROLOGICAL SITE AT GRAND BAY NEAR MOSS POINT 8SE,MS,US,,,,America/Chicago,0.0,30.35722,-88.41889,188,2026-04-18T22:26:00+00:00,2026-04-19T22:26:00+00:00,0.13,2026-04-18T17:30:00-0500,2026-04-19T16:45:00-0500,precip_accum_fifteen_minute,93
G2037,GW2037 WILMER,AL,US,,,,America/Chicago,241.01,30.87717,-88.25950,65,2026-04-18T22:26:00+00:00,2026-04-19T22:26:00+00:00,0.13,2026-04-18T17:24:00-0500,2026-04-19T17:12:00-0500,precip_accum_since_local_midnight,281
F9380,FW9380 Gulf Breeze,FL,US,,,,America/Chicago,15.22,30.36100,-87.19100,65,2026-04-18T22:26:00+00:00,2026-04-19T22:26:00+00:00,0.13,2026-04-18T17:28:00-0500,2026-04-19T17:17:00-0500,precip_accum_since_local_midnight,283
E2701,EW2701 Gulfport,MS,US,,,,America/Chicago,73.0,30.49600,-89.07517,65,2026-04-18T22:26:00+00:00,2026-04-19T22:26:00+00:00,0.13,2026-04-18T17:30:00-0500,2026-04-19T17:15:00-0500,precip_accum_since_local_midnight,95
1970W,Port NOLA Administration - Warehouse District/Riverwalk,LA,US,,,,America/Chicago,30.0,29.93710,-90.06144,249,2026-04-18T22:26:00+00:00,2026-04-19T22:26:00+00:00,0.13,2026-04-18T17:30:00-0500,2026-04-19T17:10:00-0500,precip_accum_since_local_midnight,106
1822W,SWBNO Pumping Station - Little Woods,LA,US,,,,America/Chicago,10.0,30.05864,-89.96675,249,2026-04-18T22:26:00+00:00,2026-04-19T22:26:00+00:00,0.13,2026-04-18T17:30:00-0500,2026-04-19T17:10:00-0500,precip_accum_since_local_midnight,141
WKXA1,NERRS METEOROLOGICAL SITE AT WEEKS BAY IN FAIRHOPE,AL,US,,,,America/Chicago,16.0,30.41611,-87.82611,188,2026-04-18T22:26:00+00:00,2026-04-19T22:26:00+00:00,0.12,2026-04-18T17:30:00-0500,2026-04-19T16:45:00-0500,precip_accum_fifteen_minute,93
NNHM6,HANCOCK,MS,US,,,,America/Chicago,98.0,30.451110,-89.454440,2,2026-04-18T22:26:00+00:00,2026-04-19T22:26:00+00:00,0.12,2026-04-18T17:09:00-0500,2026-04-19T17:09:00-0500,precip_accum,24
MSVL1,TCHEFUNCTE RIVER AT MADISONVILLE,LA,US,,,,America/Chicago,-5.0,30.40389,-90.15472,106,2026-04-18T22:26:00+00:00,2026-04-19T22:26:00+00:00,0.12,2026-04-18T17:30:00-0500,2026-04-19T17:00:00-0500,precip_accum,94
LKKM6,GREENE,MS,US,,,,America/Chicago,156.0,31.136940,-88.599720,2,2026-04-18T22:26:00+00:00,2026-04-19T22:26:00+00:00,0.12,2026-04-18T17:14:00-0500,2026-04-19T17:14:00-0500,precip_accum,24
KPQL,Moss Point - Trent Lott International Airport,MS,US,,,,America/Chicago,16.0,30.46305,-88.53155,1,2026-04-18T22:26:00+00:00,2026-04-19T22:26:00+00:00,0.12,2026-04-18T17:53:00-0500,2026-04-19T16:53:00-0500,precip_accum_one_hour,29
HATM6,LEAF RIVER AT HATTIESBURG,MS,US,,,,America/Chicago,146.0,31.34306,-89.28028,106,2026-04-18T22:26:00+00:00,2026-04-19T22:26:00+00:00,0.12,2026-04-18T17:30:00-0500,2026-04-19T17:00:00-0500,precip_accum,93
1896W,FSWN Escambia Perdido Key,FL,US,,,,America/Chicago,3.0,30.29158,-87.46896,249,2026-04-18T22:26:00+00:00,2026-04-19T22:26:00+00:00,0.12,2026-04-18T17:30:00-0500,2026-04-19T17:10:00-0500,precip_accum_since_local_midnight,141
USA19,Leaksville,MS,US,,,,America/Chicago,235.0,31.17650,-88.60010,3011,2026-04-18T22:26:00+00:00,2026-04-19T22:26:00+00:00,0.11,2026-04-18T17:26:00-0500,2026-04-19T17:16:00-0500,precip_accum_one_minute,1430
PRDL1,PEARL RIVER NAVIGATION CANAL #2 NEAR BUSH 2ESE,LA,US,,,,America/Chicago,82.0,30.59333,-89.86444,106,2026-04-18T22:26:00+00:00,2026-04-19T22:26:00+00:00,0.11,2026-04-18T17:30:00-0500,2026-04-19T17:00:00-0500,precip_accum,94
MVSA1,Mt. Vernon,AL,US,,,,America/Chicago,53.0,31.09050,-87.99870,3011,2026-04-18T22:26:00+00:00,2026-04-19T22:26:00+00:00,0.11,2026-04-18T17:26:00-0500,2026-04-19T17:14:00-0500,precip_accum_one_minute,1428
KPNS,Pensacola - Pensacola International Airport,FL,US,,,,America/Chicago,118.0,30.47806,-87.18694,1,2026-04-18T22:26:00+00:00,2026-04-19T22:26:00+00:00,0.11,2026-04-18T17:53:00-0500,2026-04-19T16:53:00-0500,precip_accum_one_hour,26
KNPA,Pensacola Naval Air Station,FL,US,,,,America/Chicago,16.0,30.35641,-87.32326,1,2026-04-18T22:26:00+00:00,2026-04-19T22:26:00+00:00,0.11,2026-04-18T16:56:00-0500,2026-04-19T16:56:00-0500,precip_accum_one_hour,24
G1824,KD1DRM POPLARVILLE,MS,US,,,,America/Chicago,264.01,30.85000,-89.52000,65,2026-04-18T22:26:00+00:00,2026-04-19T22:26:00+00:00,0.11,2026-04-18T17:30:00-0500,2026-04-19T17:15:00-0500,precip_accum_since_local_midnight,95
F1251,FW1251 Lacombe,LA,US,,,,America/Chicago,17.65,30.32667,-89.97017,65,2026-04-18T22:26:00+00:00,2026-04-19T22:26:00+00:00,0.11,2026-04-18T17:30:00-0500,2026-04-19T17:15:00-0500,precip_accum_since_local_midnight,95
D1458,DW1458 Foley,AL,US,,,,America/Chicago,61.61,30.404,-87.66983,65,2026-04-18T22:26:00+00:00,2026-04-19T22:26:00+00:00,0.11,2026-04-18T17:30:00-0500,2026-04-19T17:15:00-0500,precip_accum_since_local_midnight,88
BWMA1,MURDER CREEK AT HWY 41 and 29 AT BREWTON,AL,US,,,,America/Chicago,62.0,31.10083,-87.06889,106,2026-04-18T22:26:00+00:00,2026-04-19T22:26:00+00:00,0.11,2026-04-18T17:30:00-0500,2026-04-19T16:45:00-0500,precip_accum,93
BSHL1,BOGUE CHITTO RIVER NEAR BUSH 1NNE,LA,US,,,,America/Chicago,82.0,30.62917,-89.89722,106,2026-04-18T22:26:00+00:00,2026-04-19T22:26:00+00:00,0.11,2026-04-18T17:30:00-0500,2026-04-19T17:15:00-0500,precip_accum,95
USA10,Foley,AL,US,,,,America/Chicago,56.0,30.36990,-87.64560,3011,2026-04-18T22:26:00+00:00,2026-04-19T22:26:00+00:00,0.1,2026-04-18T17:26:00-0500,2026-04-19T17:15:00-0500,precip_accum_one_minute,1429
G6243,GW6243 PETAL,MS,US,,,,America/Chicago,515.09,31.35150,-89.20467,65,2026-04-18T22:26:00+00:00,2026-04-19T22:26:00+00:00,0.1,2026-04-18T17:30:00-0500,2026-04-19T17:15:00-0500,precip_accum_since_local_midnight,91
G3750,GW3750 PURVIS,MS,US,,,,America/Chicago,318.24,31.20917,-89.36550,65,2026-04-18T22:26:00+00:00,2026-04-19T22:26:00+00:00,0.1,2026-04-18T17:25:00-0500,2026-04-19T17:20:00-0500,precip_accum_since_local_midnight,287
F6606,FW6606 Foley,AL,US,,,,America/Chicago,609.38,30.43121,-87.65821,65,2026-04-18T22:26:00+00:00,2026-04-19T22:26:00+00:00,0.1,2026-04-18T17:30:00-0500,2026-04-19T17:15:00-0500,precip_accum_since_local_midnight,95
E6903,EW6903 Lockport,LA,US,,,,America/Chicago,5.08,29.66000,-90.54483,65,2026-04-18T22:26:00+00:00,2026-04-19T22:26:00+00:00,0.1,2026-04-18T17:30:00-0500,2026-04-19T17:15:00-0500,precip_accum_since_local_midnight,95
D7066,DW7066 Pensacola,FL,US,,,,America/Chicago,108.27,30.46217,-87.19167,65,2026-04-18T22:26:00+00:00,2026-04-19T22:26:00+00:00,0.1,2026-04-18T17:26:00-0500,2026-04-19T17:16:00-0500,precip_accum_since_local_midnight,1164
D6888,DW6888 Gretna,LA,US,,,,America/Chicago,-2.49,29.87467,-90.03783,65,2026-04-18T22:26:00+00:00,2026-04-19T22:26:00+00:00,0.1,2026-04-18T17:28:00-0500,2026-04-19T17:18:00-0500,precip_accum_since_local_midnight,63
1199W,Pensacola High School,FL,US,,,,America/Chicago,69.0,30.43479,-87.22465,249,2026-04-18T22:26:00+00:00,2026-04-19T22:26:00+00:00,0.1,2026-04-18T17:30:00-0500,2026-04-19T17:20:00-0500,precip_accum_since_local_midnight,142
1196W,Escambia High School,FL,US,,,,America/Chicago,75.0,30.42699,-87.29960,249,2026-04-18T22:26:00+00:00,2026-04-19T22:26:00+00:00,0.1,2026-04-18T17:30:00-0500,2026-04-19T17:20:00-0500,precip_accum_since_local_midnight,142
NLOF1,NAVAL LIVE OAKS,FL,US,,,,America/Chicago,15.0,30.366390,-87.1375,2,2026-04-18T22:26:00+00:00,2026-04-19T22:26:00+00:00,0.09,2026-04-18T17:22:00-0500,2026-04-19T17:22:00-0500,precip_accum,24
G7241,GW7241 PENSACOLA,FL,US,,,,America/Chicago,49.21,30.42783,-87.19417,65,2026-04-18T22:26:00+00:00,2026-04-19T22:26:00+00:00,0.09,2026-04-18T17:25:00-0500,2026-04-19T17:20:00-0500,precip_accum_since_local_midnight,284
G1927,GW1927 SAND HILL,MS,US,,,,America/Chicago,341.21,31.34900,-88.76167,65,2026-04-18T22:26:00+00:00,2026-04-19T22:26:00+00:00,0.09,2026-04-18T17:30:00-0500,2026-04-19T17:16:00-0500,precip_accum_since_local_midnight,95
FRNL1,BOGUE CHITTO NEAR FRANKLINTON 1SW,LA,US,,,,America/Chicago,124.0,30.84278,-90.16194,106,2026-04-18T22:26:00+00:00,2026-04-19T22:26:00+00:00,0.09,2026-04-18T17:30:00-0500,2026-04-19T17:15:00-0500,precip_accum,95
F7679,FW7679 Slidell,LA,US,,,,America/Chicago,14.76,30.22717,-89.80317,65,2026-04-18T22:26:00+00:00,2026-04-19T22:26:00+00:00,0.09,2026-04-18T17:27:00-0500,2026-04-19T17:16:00-0500,precip_accum_since_local_midnight,283
2280W,SWBNO Pumping Station Bayou Sauvage,LA,US,,,,America/Chicago,164.0,30.02977,-89.86796,249,2026-04-18T22:26:00+00:00,2026-04-19T22:26:00+00:00,0.09,2026-04-18T17:30:00-0500,2026-04-19T17:10:00-0500,precip_accum_since_local_midnight,141
G4878,GW4878 CITRONELLE,AL,US,,,,America/Chicago,301.84,31.09050,-88.22900,65,2026-04-18T22:26:00+00:00,2026-04-19T22:26:00+00:00,0.08,2026-04-18T17:30:00-0500,2026-04-19T17:15:00-0500,precip_accum_since_local_midnight,95
G4271,GW4271 GULF BREEZE,FL,US,,,,America/Chicago,14.99,30.38633,-87.05217,65,2026-04-18T22:26:00+00:00,2026-04-19T22:26:00+00:00,0.08,2026-04-18T17:26:00-0500,2026-04-19T17:21:00-0500,precip_accum_since_local_midnight,284
G0933,GW0933 Pensacola,FL,US,,,,America/Chicago,16.4,30.26633,-87.26533,65,2026-04-18T22:26:00+00:00,2026-04-19T22:26:00+00:00,0.08,2026-04-18T17:28:00-0500,2026-04-19T17:18:00-0500,precip_accum_since_local_midnight,332
FRGM6,RAGLAND HILLS,MS,US,,,,America/Chicago,285.0,31.2042,-89.178330,2,2026-04-18T22:26:00+00:00,2026-04-19T22:26:00+00:00,0.08,2026-04-18T17:00:00-0500,2026-04-19T17:00:00-0500,precip_accum,24
F7862,FW7862 Mandeville,LA,US,,,,America/Chicago,20.47,30.37933,-90.02150,65,2026-04-18T22:26:00+00:00,2026-04-19T22:26:00+00:00,0.08,2026-04-18T17:28:00-0500,2026-04-19T17:12:00-0500,precip_accum_since_local_midnight,282
CEPM6,Pascagoula,MS,US,,,,America/Chicago,9.0,30.35970,-88.52120,3011,2026-04-18T22:26:00+00:00,2026-04-19T22:26:00+00:00,0.08,2026-04-18T17:26:00-0500,2026-04-19T17:16:00-0500,precip_accum_one_minute,1430
1818W,SWBNO East Bank Water Treatment - Lower 9th Ward,LA,US,,,,America/Chicago,13.0,29.97728,-89.99746,249,2026-04-18T22:26:00+00:00,2026-04-19T22:26:00+00:00,0.08,2026-04-18T17:30:00-0500,2026-04-19T17:10:00-0500,precip_accum_since_local_midnight,141
1602W,UWF Sports Complex,FL,US,,,,America/Chicago,89.0,30.54068,-87.20447,249,2026-04-18T22:26:00+00:00,2026-04-19T22:26:00+00:00,0.08,2026-04-18T17:30:00-0500,2026-04-19T17:10:00-0500,precip_accum_since_local_midnight,141
0327W,Gulf Breeze High School,FL,US,,,,America/Chicago,26.0,30.35847,-87.16718,249,2026-04-18T22:26:00+00:00,2026-04-19T22:26:00+00:00,0.08,2026-04-18T17:30:00-0500,2026-04-19T17:20:00-0500,precip_accum_since_local_midnight,142
MSS28,Beaumont,MS,US,,,,America/Chicago,171.0,31.23583,-88.92188,236,2026-04-18T22:26:00+00:00,2026-04-19T22:26:00+00:00,0.07,2026-04-18T17:30:00-0500,2026-04-19T17:00:00-0500,precip_accum_fifteen_minute,93
MSS12,Coastal Research and Extension Center,MS,US,,,,America/Chicago,56.0,30.44102,-88.94368,236,2026-04-18T22:26:00+00:00,2026-04-19T22:26:00+00:00,0.07,2026-04-18T17:30:00-0500,2026-04-19T17:00:00-0500,precip_accum_fifteen_minute,93
G5750,GW5750 FOLEY,AL,US,,,,America/Chicago,91.86,30.43483,-87.75467,65,2026-04-18T22:26:00+00:00,2026-04-19T22:26:00+00:00,0.07,2026-04-18T17:26:00-0500,2026-04-19T17:20:00-0500,precip_accum_since_local_midnight,284
G3439,GW3439 CARRIERE,MS,US,,,,America/Chicago,203.41,30.61683,-89.56067,65,2026-04-18T22:26:00+00:00,2026-04-19T22:26:00+00:00,0.07,2026-04-18T17:25:00-0500,2026-04-19T17:20:00-0500,precip_accum_since_local_midnight,287
G2297,GW2297 LUCEDALE,MS,US,,,,America/Chicago,269.03,30.92300,-88.58983,65,2026-04-18T22:26:00+00:00,2026-04-19T22:26:00+00:00,0.07,2026-04-18T17:30:00-0500,2026-04-19T17:15:00-0500,precip_accum_since_local_midnight,95
G2175,GW2175 SPANISH FORT,AL,US,,,,America/Chicago,108.27,30.66967,-87.91600,65,2026-04-18T22:26:00+00:00,2026-04-19T22:26:00+00:00,0.07,2026-04-18T17:27:00-0500,2026-04-19T17:21:00-0500,precip_accum_since_local_midnight,284
FSHA1,FISH RIVER NEAR SILVERHILL 3W,AL,US,,,,America/Chicago,29.0,30.54528,-87.79861,106,2026-04-18T22:26:00+00:00,2026-04-19T22:26:00+00:00,0.07,2026-04-18T17:30:00-0500,2026-04-19T16:30:00-0500,precip_accum,91
F9403,FW9403 Summerdale,AL,US,,,,America/Chicago,129.0,30.48733,-87.74317,65,2026-04-18T22:26:00+00:00,2026-04-19T22:26:00+00:00,0.07,2026-04-18T17:25:00-0500,2026-04-19T17:14:00-0500,precip_accum_since_local_midnight,283
E3364,EW3364 Belle Chasse,LA,US,,,,America/Chicago,-0.53,29.85967,-89.99183,65,2026-04-18T22:26:00+00:00,2026-04-19T22:26:00+00:00,0.07,2026-04-18T17:30:00-0500,2026-04-19T17:15:00-0500,precip_accum_since_local_midnight,95
BMTA1,Bay Minette FS,AL,US,,,,America/Chicago,269.0,30.88040,-87.78140,3011,2026-04-18T22:26:00+00:00,2026-04-19T22:26:00+00:00,0.07,2026-04-18T17:26:00-0500,2026-04-19T17:14:00-0500,precip_accum_one_minute,1428
AX128,KN4CGX PENSACOLA,FL,US,,,,America/Chicago,111.55,30.51750,-87.36583,65,2026-04-18T22:26:00+00:00,2026-04-19T22:26:00+00:00,0.07,2026-04-18T17:30:00-0500,2026-04-19T17:15:00-0500,precip_accum_since_local_midnight,93
AU216,W5XN Carriere,MS,US,,,,America/Chicago,116.5,30.63867,-89.70283,65,2026-04-18T22:26:00+00:00,2026-04-19T22:26:00+00:00,0.07,2026-04-18T17:24:00-0500,2026-04-19T17:19:00-0500,precip_accum_since_local_midnight,284
1684W,FSWN Escambia Beulah Fire Station,FL,US,,,,America/Chicago,131.0,30.53630,-87.39425,249,2026-04-18T22:26:00+00:00,2026-04-19T22:26:00+00:00,0.07,2026-04-18T17:30:00-0500,2026-04-19T17:10:00-0500,precip_accum_since_local_midnight,141
1683W,FSWN Escambia Century Fire Station,FL,US,,,,America/Chicago,131.0,30.95580,-87.27981,249,2026-04-18T22:26:00+00:00,2026-04-19T22:26:00+00:00,0.07,2026-04-18T17:30:00-0500,2026-04-19T17:10:00-0500,precip_accum_since_local_midnight,141
0172W,UWF Pace Library,FL,US,,,,America/Chicago,79.0,30.55007,-87.21730,249,2026-04-18T22:26:00+00:00,2026-04-19T22:26:00+00:00,0.07,2026-04-18T17:30:00-0500,2026-04-19T17:20:00-0500,precip_accum_since_local_midnight,142
USA24,Poarch Creek,AL,US,,,,America/Chicago,294.0,31.09210,-87.54350,3011,2026-04-18T22:26:00+00:00,2026-04-19T22:26:00+00:00,0.06,2026-04-18T17:26:00-0500,2026-04-19T17:15:00-0500,precip_accum_one_minute,1429
NAGM6,LEAF RIVER NEAR NEW AUGUSTA 1N,MS,US,,,,America/Chicago,71.0,31.22167,-89.05306,106,2026-04-18T22:26:00+00:00,2026-04-19T22:26:00+00:00,0.06,2026-04-18T17:30:00-0500,2026-04-19T16:45:00-0500,precip_accum,93
LM029,ULM_MARO,LA,US,,,,America/Chicago,5.0,29.8305,-90.11407,313,2026-04-18T22:26:00+00:00,2026-04-19T22:26:00+00:00,0.06,2026-04-18T17:25:00-0500,2026-04-19T17:05:00-0500,precip_accum_since_local_midnight,284
KGAO,"Galliano, South Lafourche Airport",LA,US,,,,America/Chicago,0.0,29.44472,-90.26111,1,2026-04-18T22:26:00+00:00,2026-04-19T22:26:00+00:00,0.06,2026-04-18T17:35:00-0500,2026-04-19T17:15:00-0500,precip_accum_one_hour,67
KBXA,"Bogalusa, George R Carr Memorial Air Field",LA,US,,,,America/Chicago,118.0,30.81361,-89.86472,1,2026-04-18T22:26:00+00:00,2026-04-19T22:26:00+00:00,0.06,2026-04-18T17:35:00-0500,2026-04-19T17:15:00-0500,precip_accum_one_hour,70
KBIX,Keesler Air Force Base / Biloxi,MS,US,,,,America/Chicago,33.0,30.41667,-88.91667,1,2026-04-18T22:26:00+00:00,2026-04-19T22:26:00+00:00,0.06,2026-04-18T17:55:00-0500,2026-04-19T16:55:00-0500,precip_accum_one_hour,40
G1930,GW1930 CHATOM,AL,US,,,,America/Chicago,154.2,31.45100,-88.19617,65,2026-04-18T22:26:00+00:00,2026-04-19T22:26:00+00:00,0.06,2026-04-18T17:30:00-0500,2026-04-19T17:15:00-0500,precip_accum_since_local_midnight,95
ENNL1,BOGUE CHITTO AT ENON,LA,US,,,,America/Chicago,124.0,30.72028,-90.08361,106,2026-04-18T22:26:00+00:00,2026-04-19T22:26:00+00:00,0.06,2026-04-18T17:30:00-0500,2026-04-19T17:00:00-0500,precip_accum,94
D6471,DW6471 Daphne,AL,US,,,,America/Chicago,158.99,30.63016,-87.86720,65,2026-04-18T22:26:00+00:00,2026-04-19T22:26:00+00:00,0.06,2026-04-18T17:25:00-0500,2026-04-19T17:16:00-0500,precip_accum_since_local_midnight,279
AW025,KF5WKW CANTONMENT,FL,US,,,,America/Chicago,65.0,30.54533,-87.33683,65,2026-04-18T22:26:00+00:00,2026-04-19T22:26:00+00:00,0.06,2026-04-18T17:25:00-0500,2026-04-19T17:15:00-0500,precip_accum_since_local_midnight,143
AESM6,Agricola,MS,US,,,,America/Chicago,225.0,30.81700,-88.52050,3011,2026-04-18T22:26:00+00:00,2026-04-19T22:26:00+00:00,0.06,2026-04-18T17:26:00-0500,2026-04-19T17:09:00-0500,precip_accum_one_minute,1423
0325W,Woodlawn Beach Middle School,FL,US,,,,America/Chicago,43.0,30.39198,-87.00908,249,2026-04-18T22:26:00+00:00,2026-04-19T22:26:00+00:00,0.06,2026-04-18T17:30:00-0500,2026-04-19T17:20:00-0500,precip_accum_since_local_midnight,142
USA5,Saraland,AL,US,,,,America/Chicago,20.0,30.83020,-88.06580,3011,2026-04-18T22:26:00+00:00,2026-04-19T22:26:00+00:00,0.05,2026-04-18T17:26:00-0500,2026-04-19T17:14:00-0500,precip_accum_one_minute,1428
USA23,Jay,FL,US,,,,America/Chicago,260.0,30.94840,-87.17060,3011,2026-04-18T22:26:00+00:00,2026-04-19T22:26:00+00:00,0.05,2026-04-18T17:26:00-0500,2026-04-19T17:15:00-0500,precip_accum_one_minute,1429
USA20,Castleberry,AL,US,,,,America/Chicago,250.0,31.29580,-87.03130,3011,2026-04-18T22:26:00+00:00,2026-04-19T22:26:00+00:00,0.05,2026-04-18T17:26:00-0500,2026-04-19T17:15:00-0500,precip_accum_one_minute,1429
MSS38,Poplarville,MS,US,,,,America/Chicago,328.0,30.83972,-89.54644,236,2026-04-18T22:26:00+00:00,2026-04-19T22:26:00+00:00,0.05,2026-04-18T17:30:00-0500,2026-04-19T17:00:00-0500,precip_accum_fifteen_minute,93
KGZH,"Evergreen, Middleton Field",AL,US,,,,America/Chicago,256.0,31.41889,-87.04806,1,2026-04-18T22:26:00+00:00,2026-04-19T22:26:00+00:00,0.05,2026-04-18T17:53:00-0500,2026-04-19T16:53:00-0500,precip_accum_one_hour,30
G6348,GW6348 SLIDELL,LA,US,,,,America/Chicago,9.84,30.22417,-89.78783,65,2026-04-18T22:26:00+00:00,2026-04-19T22:26:00+00:00,0.05,2026-04-18T17:30:00-0500,2026-04-19T17:15:00-0500,precip_accum_since_local_midnight,95
E7714,EW7714 Mobile,AL,US,,,,America/Chicago,183.33,30.68550,-88.27967,65,2026-04-18T22:26:00+00:00,2026-04-19T22:26:00+00:00,0.05,2026-04-18T17:30:00-0500,2026-04-19T17:15:00-0500,precip_accum_since_local_midnight,200
D9919,DW9919 Gulf Shores,AL,US,,,,America/Chicago,11.02,30.28783,-87.51133,65,2026-04-18T22:26:00+00:00,2026-04-19T22:26:00+00:00,0.05,2026-04-18T17:31:00-0500,2026-04-19T17:15:00-0500,precip_accum_since_local_midnight,96
BCCM6,BOGUE CHITTO,MS,US,,,,America/Chicago,126.0,30.661940,-89.795560,2,2026-04-18T22:26:00+00:00,2026-04-19T22:26:00+00:00,0.05,2026-04-18T17:12:00-0500,2026-04-19T17:12:00-0500,precip_accum,24
1825W,NOFD Engine 31 - Venetian Isles,LA,US,,,,America/Chicago,16.0,30.06540,-89.81363,249,2026-04-18T22:26:00+00:00,2026-04-19T22:26:00+00:00,0.05,2026-04-18T17:30:00-0500,2026-04-19T17:10:00-0500,precip_accum_since_local_midnight,141
1687W,FSWN Escambia Walnut Hill,FL,US,,,,America/Chicago,272.0,30.89988,-87.47842,249,2026-04-18T22:26:00+00:00,2026-04-19T22:26:00+00:00,0.05,2026-04-18T17:30:00-0500,2026-04-19T17:10:00-0500,precip_accum_since_local_midnight,140
0900W,Jay High School,FL,US,,,,America/Chicago,282.0,30.94114,-87.15685,249,2026-04-18T22:26:00+00:00,2026-04-19T22:26:00+00:00,0.05,2026-04-18T17:30:00-0500,2026-04-19T17:20:00-0500,precip_accum_since_local_midnight,142
USA11,Loxley,AL,US,,,,America/Chicago,184.0,30.64030,-87.73150,3011,2026-04-18T22:26:00+00:00,2026-04-19T22:26:00+00:00,0.04,2026-04-18T17:26:00-0500,2026-04-19T17:19:00-0500,precip_accum_one_minute,1433
MSS39,White Sand,MS,US,,,,America/Chicago,171.0,30.79660,-89.69016,236,2026-04-18T22:26:00+00:00,2026-04-19T22:26:00+00:00,0.04,2026-04-18T17:30:00-0500,2026-04-19T17:00:00-0500,precip_accum_fifteen_minute,93
G0489,GW0489 Pensacola,FL,US,,,,America/Chicago,9.0,30.31467,-87.47833,65,2026-04-18T22:26:00+00:00,2026-04-19T22:26:00+00:00,0.04,2026-04-18T17:31:00-0500,2026-04-19T17:15:00-0500,precip_accum_since_local_midnight,95
F4737,FW4737 Nokomis,AL,US,,,,America/Chicago,240.03,31.02712,-87.59266,65,2026-04-18T22:26:00+00:00,2026-04-19T22:26:00+00:00,0.04,2026-04-18T17:26:00-0500,2026-04-19T17:15:00-0500,precip_accum_since_local_midnight,272
E1896,EW1896 Jay,FL,US,,,,America/Chicago,246.0,30.94917,-87.13217,65,2026-04-18T22:26:00+00:00,2026-04-19T22:26:00+00:00,0.04,2026-04-18T17:30:00-0500,2026-04-19T17:15:00-0500,precip_accum_since_local_midnight,95
USA7,Robertsdale,AL,US,,,,America/Chicago,154.0,30.58400,-87.73010,3011,2026-04-18T22:26:00+00:00,2026-04-19T22:26:00+00:00,0.03,2026-04-18T17:26:00-0500,2026-04-19T17:15:00-0500,precip_accum_one_minute,1429
MSS44,McNeill,MS,US,,,,America/Chicago,229.0,30.65967,-89.63633,236,2026-04-18T22:26:00+00:00,2026-04-19T22:26:00+00:00,0.03,2026-04-18T17:30:00-0500,2026-04-19T17:00:00-0500,precip_accum_fifteen_minute,93
KIYA,Abbeville Chris Crusta Memorial Airport,LA,US,,,,America/Chicago,16.0,29.97578,-92.08422,1,2026-04-18T22:26:00+00:00,2026-04-19T22:26:00+00:00,0.03,2026-04-18T17:35:00-0500,2026-04-19T17:15:00-0500,precip_accum_one_hour,71
G4508,GW4508 MONROEVILLE,AL,US,,,,America/Chicago,419.95,31.46317,-87.35017,65,2026-04-18T22:26:00+00:00,2026-04-19T22:26:00+00:00,0.03,2026-04-18T17:30:00-0500,2026-04-19T17:15:00-0500,precip_accum_since_local_midnight,95
G2684,GW2684 Robertsdale,AL,US,,,,America/Chicago,141.08,30.53967,-87.71467,65,2026-04-18T22:26:00+00:00,2026-04-19T22:26:00+00:00,0.03,2026-04-18T17:25:00-0500,2026-04-19T17:20:00-0500,precip_accum_since_local_midnight,287
2057W,FSWN Santa Rosa EOC,FL,US,,,,America/Chicago,98.0,30.59828,-87.07002,249,2026-04-18T22:26:00+00:00,2026-04-19T22:26:00+00:00,0.03,2026-04-18T17:30:00-0500,2026-04-19T17:10:00-0500,precip_accum_since_local_midnight,141
1824W,SWBNO West Bank Water Treatment - English Turn,LA,US,,,,America/Chicago,10.0,29.90704,-89.96619,249,2026-04-18T22:26:00+00:00,2026-04-19T22:26:00+00:00,0.03,2026-04-18T17:30:00-0500,2026-04-19T17:10:00-0500,precip_accum_since_local_midnight,110
1479W,FSWN Santa Rosa Allentown,FL,US,,,,America/Chicago,213.0,30.78287,-87.09209,249,2026-04-18T22:26:00+00:00,2026-04-19T22:26:00+00:00,0.03,2026-04-18T17:30:00-0500,2026-04-19T17:10:00-0500,precip_accum_since_local_midnight,141
1089W,Chumuckla Elementary School,FL,US,,,,America/Chicago,217.0,30.77925,-87.22295,249,2026-04-18T22:26:00+00:00,2026-04-19T22:26:00+00:00,0.03,2026-04-18T17:30:00-0500,2026-04-19T17:20:00-0500,precip_accum_since_local_midnight,142
PRUL1,PEARL RIVER NAVIGATION CANAL #1 NEAR PEARL RIVER 6NNW,LA,US,,,,America/Chicago,32.0,30.45639,-89.77972,106,2026-04-18T22:26:00+00:00,2026-04-19T22:26:00+00:00,0.02,2026-04-18T17:30:00-0500,2026-04-19T17:00:00-0500,precip_accum,90
K1R8,Bay Minette Municipal Airport,AL,US,,,,America/Chicago,248.0,30.87033,-87.81933,1,2026-04-18T22:26:00+00:00,2026-04-19T22:26:00+00:00,0.02,2026-04-18T17:35:00-0500,2026-04-19T17:10:00-0500,precip_accum_one_hour,62
JAYF1,Jay,FL,US,,,,America/Chicago,220.0,30.77516,-87.14015,60,2026-04-18T22:26:00+00:00,2026-04-19T22:26:00+00:00,0.02,2026-04-18T17:30:00-0500,2026-04-19T17:15:00-0500,precip_accum_fifteen_minute,95
G4772,GW4772 GATESWOOD,AL,US,,,,America/Chicago,177.16,30.70833,-87.54767,65,2026-04-18T22:26:00+00:00,2026-04-19T22:26:00+00:00,0.02,2026-04-18T17:30:00-0500,2026-04-19T17:15:00-0500,precip_accum_since_local_midnight,95
D8180,DW8180 Pace,FL,US,,,,America/Chicago,43.0,30.58917,-87.15283,65,2026-04-18T22:26:00+00:00,2026-04-19T22:26:00+00:00,0.02,2026-04-18T17:25:00-0500,2026-04-19T17:20:00-0500,precip_accum_since_local_midnight,248
D2686,DW2686 Robertsdale,AL,US,,,,America/Chicago,84.61,30.5255,-87.7285,65,2026-04-18T22:26:00+00:00,2026-04-19T22:26:00+00:00,0.02,2026-04-18T17:25:00-0500,2026-04-19T17:20:00-0500,precip_accum_since_local_midnight,287
1894W,FSWN Escambia Molino,FL,US,,,,America/Chicago,194.0,30.71569,-87.34388,249,2026-04-18T22:26:00+00:00,2026-04-19T22:26:00+00:00,0.02,2026-04-18T17:30:00-0500,2026-04-19T17:10:00-0500,precip_accum_since_local_midnight,141
ZAYL1,COMITE RIVER NEAR ZACHARY 4SE,LA,US,,,,America/Chicago,110.0,30.64306,-91.09444,106,2026-04-18T22:26:00+00:00,2026-04-19T22:26:00+00:00,0.01,2026-04-18T17:30:00-0500,2026-04-19T17:00:00-0500,precip_accum,93
VRLL1,VERMILION RIVER NEAR LAFAYETTE,LA,US,,,,America/Chicago,50.0,30.21917,-91.95583,106,2026-04-18T22:26:00+00:00,2026-04-19T22:26:00+00:00,0.01,2026-04-18T17:30:00-0500,2026-04-19T17:00:00-0500,precip_accum,93
PRCL1,LITTLE SANDY CREEK AT PEAIRS ROAD NEAR GREENWELL SPRINGS 4N,LA,US,,,,America/Chicago,107.0,30.64361,-91.00750,106,2026-04-18T22:26:00+00:00,2026-04-19T22:26:00+00:00,0.01,2026-04-18T17:30:00-0500,2026-04-19T17:00:00-0500,precip_accum,93
MLDL1,COMITE RIVER AT PORT HUDSON-PRIDE ROAD NEAR MILLDALE 3NW,LA,US,,,,America/Chicago,8.0,30.70222,-91.05111,106,2026-04-18T22:26:00+00:00,2026-04-19T22:26:00+00:00,0.01,2026-04-18T17:30:00-0500,2026-04-19T17:00:00-0500,precip_accum,93
GHAA1,GROVE HILL,AL,US,,,,America/Chicago,445.0,31.690690,-87.760580,2,2026-04-18T22:26:00+00:00,2026-04-19T22:26:00+00:00,0.01,2026-04-18T17:26:00-0500,2026-04-19T16:26:00-0500,precip_accum,23
D4362,DW4362 Milton,FL,US,,,,America/Chicago,154.0,30.66826,-87.06036,65,2026-04-18T22:26:00+00:00,2026-04-19T22:26:00+00:00,0.01,2026-04-18T18:16:00-0500,2026-04-19T17:16:00-0500,precip_accum_since_local_midnight,73
1584W,Central School,FL,US,,,,America/Chicago,200.0,30.76544,-87.07391,249,2026-04-18T22:26:00+00:00,2026-04-19T22:26:00+00:00,0.01,2026-04-18T17:30:00-0500,2026-04-19T17:10:00-0500,precip_accum_since_local_midnight,140
1206W,Tate High School,FL,US,,,,America/Chicago,167.0,30.57754,-87.30088,249,2026-04-18T22:26:00+00:00,2026-04-19T22:26:00+00:00,0.01,2026-04-18T17:30:00-0500,2026-04-19T17:20:00-0500,precip_accum_since_local_midnight,142
WPGM6,WEST PASCAGOULA RIVER AT HIGHWAY 90 AT GAUTIER,MS,US,,,,America/Chicago,,30.38278,-88.60889,106,2026-04-18T22:26:00+00:00,2026-04-19T22:26:00+00:00,0.0,2026-04-18T17:30:00-0500,2026-04-19T16:45:00-0500,precip_accum,91
USA8,Elberta,AL,US,,,,America/Chicago,73.0,30.41130,-87.58500,3011,2026-04-18T22:26:00+00:00,2026-04-19T22:26:00+00:00,0.0,2026-04-18T17:26:00-0500,2026-04-19T17:15:00-0500,precip_accum_one_minute,1429
STVL1,BAYOU MILHOMME NEAR STEPHENSVILLE,LA,US,,,,America/Chicago,19.0,29.78000,-91.16667,106,2026-04-18T22:26:00+00:00,2026-04-19T22:26:00+00:00,0.0,2026-04-18T17:30:00-0500,2026-04-19T16:30:00-0500,precip_accum,90
SRRL1,LOWER GRAND RIVER AT BAYOU SORREL (LAND SIDE),LA,US,,,,America/Chicago,19.0,30.15528,-91.33167,106,2026-04-18T22:26:00+00:00,2026-04-19T22:26:00+00:00,0.0,2026-04-18T17:30:00-0500,2026-04-19T17:00:00-0500,precip_accum,94
RSAM6,HOMOCHITTO RIVER AT ROSETTA,MS,US,,,,America/Chicago,90.0,31.32472,-91.10944,106,2026-04-18T22:26:00+00:00,2026-04-19T22:26:00+00:00,0.0,2026-04-18T17:30:00-0500,2026-04-19T16:45:00-0500,precip_accum,93
RHLL1,LITTLE RIVER NEAR ROCHELLE NEAR GEORGETOWN 2SE,LA,US,,,,America/Chicago,65.0,31.75417,-92.34444,106,2026-04-18T22:26:00+00:00,2026-04-19T22:26:00+00:00,0.0,2026-04-18T17:30:00-0500,2026-04-19T16:30:00-0500,precip_accum_fifteen_minute,92
PRTL1,PEARL RIVER NAVIGATION CANAL #3 NEAR SUN 2SE,LA,US,,,,America/Chicago,84.0,30.63806,-89.86806,106,2026-04-18T22:26:00+00:00,2026-04-19T22:26:00+00:00,0.0,2026-04-18T17:30:00-0500,2026-04-19T17:00:00-0500,precip_accum,94
PRIL1,SANDY CREEK NEAR PRIDE 2SE,LA,US,,,,America/Chicago,118.0,30.67056,-90.96000,106,2026-04-18T22:26:00+00:00,2026-04-19T22:26:00+00:00,0.0,2026-04-18T17:30:00-0500,2026-04-19T17:00:00-0500,precip_accum,94
OKCM6,OKATOMA CREEK AT SANFORD,MS,US,,,,America/Chicago,231.0,31.48917,-89.43333,106,2026-04-18T22:26:00+00:00,2026-04-19T22:26:00+00:00,0.0,2026-04-18T17:30:00-0500,2026-04-19T16:45:00-0500,precip_accum,93
NTZM6,MISSISSIPPI RIVER NEAR NATCHEZ 2SW,MS,US,,,,America/Chicago,68.0,31.54389,-91.43333,106,2026-04-18T22:26:00+00:00,2026-04-19T22:26:00+00:00,0.0,2026-04-18T17:00:00-0500,2026-04-19T17:00:00-0500,precip_accum,24
NRSL1,NEW RIVER CANAL NEAR SORRENTO 4E,LA,US,,,,America/Chicago,16.0,30.18917,-90.78611,106,2026-04-18T22:26:00+00:00,2026-04-19T22:26:00+00:00,0.0,2026-04-18T17:30:00-0500,2026-04-19T17:15:00-0500,precip_accum,95
MNOF1,ESCAMBIA RIVER NEAR MOLINO 6SE,FL,US,,,,America/Chicago,28.0,30.67000,-87.26694,106,2026-04-18T22:26:00+00:00,2026-04-19T22:26:00+00:00,0.0,2026-04-18T17:30:00-0500,2026-04-19T16:30:00-0500,precip_accum,83
LPOL1,TICKFAW RIVER AT LIVERPOOL NEAR KENTWOOD 1NNE,LA,US,,,,America/Chicago,206.0,30.93056,-90.67333,106,2026-04-18T22:26:00+00:00,2026-04-19T22:26:00+00:00,0.0,2026-04-18T17:30:00-0500,2026-04-19T17:15:00-0500,precip_accum,95
KNDZ,"Milton, Whiting Field South",FL,US,,,,America/Chicago,177.0,30.69722,-87.02,1,2026-04-18T22:26:00+00:00,2026-04-19T22:26:00+00:00,0.0,2026-04-18T16:56:00-0500,2026-04-19T16:56:00-0500,precip_accum_one_hour,18
KIKT,Nakika Subsea Development Platform,MS,US,,,,Etc/GMT+6,0.0,28.5208,-88.2889,1,2026-04-18T22:26:00+00:00,2026-04-19T22:26:00+00:00,0.0,2026-04-18T16:35:00-0600,2026-04-19T16:15:00-0600,precip_accum_one_hour,71
KHUM,Houma-Terrebonne Airport,LA,US,,,,America/Chicago,3.0,29.56341,-90.66283,1,2026-04-18T22:26:00+00:00,2026-04-19T22:26:00+00:00,0.0,2026-04-18T17:47:00-0500,2026-04-19T16:47:00-0500,precip_accum_one_hour,13
KHBG,"Hattiesburg, Bobby L Chain Municipal Airport",MS,US,,,,America/Chicago,147.0,31.26945,-89.25613,1,2026-04-18T22:26:00+00:00,2026-04-19T22:26:00+00:00,0.0,2026-04-18T17:53:00-0500,2026-04-19T16:53:00-0500,precip_accum_one_hour,35
KBFM,"Mobile, Mobile Downtown Airport",AL,US,,,,America/Chicago,23.0,30.61389,-88.06333,1,2026-04-18T22:26:00+00:00,2026-04-19T22:26:00+00:00,0.0,2026-04-18T17:53:00-0500,2026-04-19T16:53:00-0500,precip_accum_one_hour,35
JNCM6,CYPRESS CREEK NEAR JANICE NEAR BEAUMONT 10 WSW,MS,US,,,,America/Chicago,146.0,31.02528,-89.01667,106,2026-04-18T22:26:00+00:00,2026-04-19T22:26:00+00:00,0.0,2026-04-18T17:30:00-0500,2026-04-19T16:45:00-0500,precip_accum,93
GRDL1,GRAND GOUDINE BAYOU AT HIGHWAY 934 NEAR GONZALES 4NW,LA,US,,,,America/Chicago,22.0,30.26194,-90.96333,106,2026-04-18T22:26:00+00:00,2026-04-19T22:26:00+00:00,0.0,2026-04-18T17:30:00-0500,2026-04-19T16:30:00-0500,precip_accum,91
GLFM6,WOLF RIVER AT BELLE FERRY ROAD NEAR GULFPORT 7WNW,MS,US,,,,America/Chicago,30.0,30.39333,-89.20639,106,2026-04-18T22:26:00+00:00,2026-04-19T22:26:00+00:00,0.0,2026-04-18T17:30:00-0500,2026-04-19T16:45:00-0500,precip_accum,93
G6990,GW6990 PACE,FL,US,,,,America/Chicago,144.36,30.65700,-87.14667,65,2026-04-18T22:26:00+00:00,2026-04-19T22:26:00+00:00,0.0,2026-04-18T17:25:00-0500,2026-04-19T17:19:00-0500,precip_accum_since_local_midnight,284
E8557,EW8557 Walnut Hill,FL,US,,,,America/Chicago,254.0,30.87983,-87.50050,65,2026-04-18T22:26:00+00:00,2026-04-19T22:26:00+00:00,0.0,2026-04-18T17:31:00-0500,2026-04-19T17:15:00-0500,precip_accum_since_local_midnight,96
E6361,EW6361 Orange Beach,AL,US,,,,America/Chicago,1.05,30.304,-87.476,65,2026-04-18T22:26:00+00:00,2026-04-19T22:26:00+00:00,0.0,2026-04-18T17:31:00-0500,2026-04-19T17:15:00-0500,precip_accum_since_local_midnight,96
E5037,EW5037 Houma,LA,US,,,,America/Chicago,1.51,29.53683,-90.67167,65,2026-04-18T22:26:00+00:00,2026-04-19T22:26:00+00:00,0.0,2026-04-18T17:28:00-0500,2026-04-19T17:19:00-0500,precip_accum_since_local_midnight,133
E0390,EW0390 Calvert,AL,US,,,,America/Chicago,52.4,31.14667,-87.99883,65,2026-04-18T22:26:00+00:00,2026-04-19T22:26:00+00:00,0.0,2026-04-18T17:23:00-0500,2026-04-19T17:19:00-0500,precip_accum_since_local_midnight,245
DIBM6,TCHOUTACABOUFFA RIVER NEAR DIBERVILLE 3N,MS,US,,,,America/Chicago,26.0,30.47583,-88.89333,106,2026-04-18T22:26:00+00:00,2026-04-19T22:26:00+00:00,0.0,2026-04-18T17:30:00-0500,2026-04-19T16:30:00-0500,precip_accum,92
D4135,DW4135 Milton,FL,US,,,,America/Chicago,150.66,30.66033,-87.04733,65,2026-04-18T22:26:00+00:00,2026-04-19T22:26:00+00:00,0.0,2026-04-18T17:26:00-0500,2026-04-19T17:19:00-0500,precip_accum_since_local_midnight,233
CATL1,CATAHOULA LAKE NEAR NEBO 8S,LA,US,,,,America/Chicago,43.0,31.47944,-92.11333,106,2026-04-18T22:26:00+00:00,2026-04-19T22:26:00+00:00,0.0,2026-04-18T17:30:00-0500,2026-04-19T16:30:00-0500,precip_accum,46
BXAL1,PEARL RIVER NEAR BOGALUSA 2E,LA,US,,,,America/Chicago,86.0,30.79306,-89.82083,106,2026-04-18T22:26:00+00:00,2026-04-19T22:26:00+00:00,0.0,2026-04-18T17:30:00-0500,2026-04-19T17:00:00-0500,precip_accum,47
BKNM6,BLACK CREEK NEAR BROOKLYN 1SW,MS,US,,,,America/Chicago,200.0,31.05194,-89.20417,106,2026-04-18T22:26:00+00:00,2026-04-19T22:26:00+00:00,0.0,2026-04-18T17:30:00-0500,2026-04-19T16:45:00-0500,precip_accum,80
BJNL1,BLACK RIVER AT JONESVILLE,LA,US,,,,America/Chicago,52.0,31.62222,-91.81222,106,2026-04-18T22:26:00+00:00,2026-04-19T22:26:00+00:00,0.0,2026-04-18T17:30:00-0500,2026-04-19T16:45:00-0500,precip_accum,93
BBWL1,BEAVER BAYOU AT WAX ROAD NEAR GREENWELL SPRINGS 2SW,LA,US,,,,America/Chicago,71.0,30.54278,-91.02056,106,2026-04-18T22:26:00+00:00,2026-04-19T22:26:00+00:00,0.0,2026-04-18T17:30:00-0500,2026-04-19T17:00:00-0500,precip_accum,93
AV775,KJ4EWA Milton,FL,US,,,,America/Chicago,89.0,30.65283,-87.11950,65,2026-04-18T22:26:00+00:00,2026-04-19T22:26:00+00:00,0.0,2026-04-18T17:25:00-0500,2026-04-19T17:15:00-0500,precip_accum_since_local_midnight,283
2117W,Foley Elementary School,AL,US,,,,America/Chicago,115.0,30.40956,-87.69092,249,2026-04-18T22:26:00+00:00,2026-04-19T22:26:00+00:00,0.0,2026-04-18T17:30:00-0500,2026-04-19T17:10:00-0500,precip_accum_since_local_midnight,141
2020W,Willowridge Pump Station Luling,LA,US,,,,America/Chicago,82.0,29.88464,-90.34422,249,2026-04-18T22:26:00+00:00,2026-04-19T22:26:00+00:00,0.0,2026-04-18T17:30:00-0500,2026-04-19T17:10:00-0500,precip_accum_since_local_midnight,141
1972W,Harbor Police Headquarters - Irish Channel,LA,US,,,,America/Chicago,13.0,29.92063,-90.07651,249,2026-04-18T22:26:00+00:00,2026-04-19T22:26:00+00:00,0.0,2026-04-18T17:30:00-0500,2026-04-19T17:10:00-0500,precip_accum_since_local_midnight,141
1815W,New Orleans City Hall - Central Business District,LA,US,,,,America/Chicago,39.0,29.95203,-90.07713,249,2026-04-18T22:26:00+00:00,2026-04-19T22:26:00+00:00,0.0,2026-04-18T17:30:00-0500,2026-04-19T17:10:00-0500,precip_accum_since_local_midnight,141
1697W,FSWN Escambia Pensacola Beach,FL,US,,,,America/Chicago,10.0,30.33823,-87.11521,249,2026-04-18T22:26:00+00:00,2026-04-19T22:26:00+00:00,0.0,2026-04-18T17:30:00-0500,2026-04-19T17:10:00-0500,precip_accum_since_local_midnight,141
1203W,Pine Forest High School,FL,US,,,,America/Chicago,112.0,30.48807,-87.29538,249,2026-04-18T22:26:00+00:00,2026-04-19T22:26:00+00:00,0.0,2026-04-18T17:30:00-0500,2026-04-19T17:20:00-0500,precip_accum_since_local_midnight,142
1201W,Booker T. Washington High School,FL,US,,,,America/Chicago,121.0,30.48424,-87.21184,249,2026-04-18T22:26:00+00:00,2026-04-19T22:26:00+00:00,0.0,2026-04-18T17:30:00-0500,2026-04-19T17:20:00-0500,precip_accum_since_local_midnight,142
0904W,Pace High School,FL,US,,,,America/Chicago,131.0,30.61265,-87.15355,249,2026-04-18T22:26:00+00:00,2026-04-19T22:26:00+00:00,0.0,2026-04-18T17:30:00-0500,2026-04-19T17:20:00-0500,precip_accum_since_local_midnight,142
0902W,Milton High School,FL,US,,,,America/Chicago,75.0,30.63261,-87.04482,249,2026-04-18T22:26:00+00:00,2026-04-19T22:26:00+00:00,0.0,2026-04-18T17:30:00-0500,2026-04-19T17:20:00-0500,precip_accum_since_local_midnight,142
