stid,name,state,country,county,cwa,nwszone,timezone,elevation_ft,lat,lon,mnet_id,window_start_utc,window_end_utc,precip_in,first_report,last_report,report_type,count
MSS44,McNeill,MS,US,,,,America/Chicago,229.0,30.65967,-89.63633,236,2026-09-03T18:33:00+00:00,2026-09-04T18:33:00+00:00,2.72,2026-09-03T13:30:00-0500,2026-09-04T13:00:00-0500,precip_accum_fifteen_minute,94
E9083,W4NDF-13 METAIRIE,LA,US,,,,America/Chicago,9.0,29.98114,-90.19902,65,2026-09-03T18:33:00+00:00,2026-09-04T18:33:00+00:00,2.63,2026-09-03T13:35:00-0500,2026-09-04T12:51:00-0500,precip_accum_since_local_midnight,276
E0561,EW0561 Covington,LA,US,,,,America/Chicago,23.62,30.46750,-90.14100,65,2026-09-03T18:33:00+00:00,2026-09-04T18:33:00+00:00,2.22,2026-09-03T13:30:00-0500,2026-09-04T12:45:00-0500,precip_accum_since_local_midnight,93
E7714,EW7714 Mobile,AL,US,,,,America/Chicago,183.33,30.68550,-88.27967,65,2026-09-03T18:33:00+00:00,2026-09-04T18:33:00+00:00,2.12,2026-09-03T13:31:00-0500,2026-09-04T12:50:00-0500,precip_accum_since_local_midnight,205
KMOB,"Mobile, Mobile Regional Airport",AL,US,,,,America/Chicago,217.0,30.68833,-88.24556,1,2026-09-03T18:33:00+00:00,2026-09-04T18:33:00+00:00,2.01,2026-09-03T13:56:00-0500,2026-09-04T12:56:00-0500,precip_accum_one_hour,30
K0R0,Columbia-Marion County Airport,MS,US,,,,America/Chicago,265.0,31.2970,-89.8128,1,2026-09-03T18:33:00+00:00,2026-09-04T18:33:00+00:00,1.88,2026-09-03T13:35:00-0500,2026-09-04T13:15:00-0500,precip_accum_one_hour,71
MSS38,Poplarville,MS,US,,,,America/Chicago,328.0,30.83972,-89.54644,236,2026-09-03T18:33:00+00:00,2026-09-04T18:33:00+00:00,1.85,2026-09-03T13:30:00-0500,2026-09-04T13:00:00-0500,precip_accum_fifteen_minute,94
BXAL1,PEARL RIVER NEAR BOGALUSA 2E,LA,US,,,,America/Chicago,86.0,30.79306,-89.82083,106,2026-09-03T18:33:00+00:00,2026-09-04T18:33:00+00:00,1.84,2026-09-03T13:30:00-0500,2026-09-04T13:15:00-0500,precip_accum,95
F6464,FW6464 Long Beach,MS,US,,,,America/Chicago,22.97,30.36467,-89.18633,65,2026-09-03T18:33:00+00:00,2026-09-04T18:33:00+00:00,1.73,2026-09-03T13:30:00-0500,2026-09-04T12:45:00-0500,precip_accum_since_local_midnight,93
USA1,USA West,AL,US,,,,America/Chicago,170.0,30.69440,-88.19440,3011,2026-09-03T18:33:00+00:00,2026-09-04T18:33:00+00:00,1.59,2026-09-03T13:33:00-0500,2026-09-04T13:14:00-0500,precip_accum_one_minute,1406
D2686,DW2686 Robertsdale,AL,US,,,,America/Chicago,84.61,30.5255,-87.7285,65,2026-09-03T18:33:00+00:00,2026-09-04T18:33:00+00:00,1.59,2026-09-03T13:35:00-0500,2026-09-04T12:50:00-0500,precip_accum_since_local_midnight,278
C6488,CW6488 Covington,LA,US,,,,America/Chicago,28.74,30.488,-90.14033,65,2026-09-03T18:33:00+00:00,2026-09-04T18:33:00+00:00,1.55,2026-09-03T13:30:00-0500,2026-09-04T12:44:00-0500,precip_accum_since_local_midnight,76
KBXA,"Bogalusa, George R Carr Memorial Air Field",LA,US,,,,America/Chicago,118.0,30.81361,-89.86472,1,2026-09-03T18:33:00+00:00,2026-09-04T18:33:00+00:00,1.53,2026-09-03T13:35:00-0500,2026-09-04T13:15:00-0500,precip_accum_one_hour,71
PRDL1,PEARL RIVER NAVIGATION CANAL #2 NEAR BUSH 2ESE,LA,US,,,,America/Chicago,82.0,30.59333,-89.86444,106,2026-09-03T18:33:00+00:00,2026-09-04T18:33:00+00:00,1.43,2026-09-03T13:30:00-0500,2026-09-04T13:00:00-0500,precip_accum,94
CEPM6,Pascagoula,MS,US,,,,America/Chicago,9.0,30.35970,-88.52120,3011,2026-09-03T18:33:00+00:00,2026-09-04T18:33:00+00:00,1.36,2026-09-03T13:33:00-0500,2026-09-04T13:14:00-0500,precip_accum_one_minute,1421
PNTL1,TANGIPAHOA RIVER NEAR PONCHATOULA 6E,LA,US,,,,America/Chicago,45.0,30.44361,-90.33444,106,2026-09-03T18:33:00+00:00,2026-09-04T18:33:00+00:00,1.31,2026-09-03T13:30:00-0500,2026-09-04T12:45:00-0500,precip_accum,93
CGSL1,BOGUE FALAYA NEAR CAMP COVINGTON NEAR COVINGTON 7NW,LA,US,,,,America/Chicago,108.0,30.55639,-90.14611,106,2026-09-03T18:33:00+00:00,2026-09-04T18:33:00+00:00,1.23,2026-09-03T13:30:00-0500,2026-09-04T13:00:00-0500,precip_accum,94
MSVL1,TCHEFUNCTE RIVER AT MADISONVILLE,LA,US,,,,America/Chicago,-5.0,30.40389,-90.15472,106,2026-09-03T18:33:00+00:00,2026-09-04T18:33:00+00:00,1.22,2026-09-03T13:30:00-0500,2026-09-04T13:00:00-0500,precip_accum,94
F6181,FW6181 Mandeville,LA,US,,,,America/Chicago,16.44,30.38783,-90.06633,65,2026-09-03T18:33:00+00:00,2026-09-04T18:33:00+00:00,1.17,2026-09-03T13:30:00-0500,2026-09-04T12:45:00-0500,precip_accum_since_local_midnight,93
AV585,WI5ARD Bush,LA,US,,,,America/Chicago,147.64,30.60083,-89.96933,65,2026-09-03T18:33:00+00:00,2026-09-04T18:33:00+00:00,1.17,2026-09-03T13:35:00-0500,2026-09-04T12:50:00-0500,precip_accum_since_local_midnight,279
PRTL1,PEARL RIVER NAVIGATION CANAL #3 NEAR SUN 2SE,LA,US,,,,America/Chicago,84.0,30.63806,-89.86806,106,2026-09-03T18:33:00+00:00,2026-09-04T18:33:00+00:00,1.15,2026-09-03T13:30:00-0500,2026-09-04T13:00:00-0500,precip_accum,94
E1604,EW1604 GAUTIER,MS,US,,,,America/Chicago,19.0,30.45950,-88.64750,65,2026-09-03T18:33:00+00:00,2026-09-04T18:33:00+00:00,1.15,2026-09-03T13:30:00-0500,2026-09-04T12:45:00-0500,precip_accum_since_local_midnight,89
D4135,DW4135 Milton,FL,US,,,,America/Chicago,150.66,30.66033,-87.04733,65,2026-09-03T18:33:00+00:00,2026-09-04T18:33:00+00:00,1.15,2026-09-03T13:32:00-0500,2026-09-04T12:51:00-0500,precip_accum_since_local_midnight,227
KMSY,"New Orleans, New Orleans International Airport",LA,US,,,,America/Chicago,3.0,29.99278,-90.25083,1,2026-09-03T18:33:00+00:00,2026-09-04T18:33:00+00:00,1.12,2026-09-03T13:20:00-0500,2026-09-04T12:53:00-0500,precip_accum_one_hour,29
F0094,FW0094 Slidell,LA,US,,,,America/Chicago,11.32,30.28167,-89.773,65,2026-09-03T18:33:00+00:00,2026-09-04T18:33:00+00:00,1.04,2026-09-03T13:31:00-0500,2026-09-04T12:50:00-0500,precip_accum_since_local_midnight,280
C2220,CW2220 Kaplan,LA,US,,,,America/Chicago,16.4,30.00720,-92.29422,65,2026-09-03T18:33:00+00:00,2026-09-04T18:33:00+00:00,0.98,2026-09-03T13:30:00-0500,2026-09-04T12:45:00-0500,precip_accum_since_local_midnight,93
FLSL1,TCHEFUNCTA RIVER AT LA 40 NEAR FOLSOM 4WSW,LA,US,,,,America/Chicago,72.0,30.61583,-90.24861,106,2026-09-03T18:33:00+00:00,2026-09-04T18:33:00+00:00,0.97,2026-09-03T13:30:00-0500,2026-09-04T13:00:00-0500,precip_accum,94
KBIX,Keesler Air Force Base / Biloxi,MS,US,,,,America/Chicago,33.0,30.41667,-88.91667,1,2026-09-03T18:33:00+00:00,2026-09-04T18:33:00+00:00,0.95,2026-09-03T13:29:00-0500,2026-09-04T13:05:00-0500,precip_accum_one_hour,62
GDXM6,NERRS METEOROLOGICAL SITE AT GRAND BAY NEAR MOSS POINT 8SE,MS,US,,,,America/Chicago,0.0,30.35722,-88.41889,188,2026-09-03T18:33:00+00:00,2026-09-04T18:33:00+00:00,0.93,2026-09-03T14:00:00-0500,2026-09-04T13:00:00-0500,precip_accum_one_hour,23
NGC11,WxRod,LA,US,,,,America/Chicago,2.1,29.96887,-90.21775,295,2026-09-03T18:33:00+00:00,2026-09-04T18:33:00+00:00,0.9,2026-09-03T13:00:00-0500,2026-09-04T12:59:00-0500,precip_interval,1
C2378,CW2378 New Orleans,LA,US,,,,America/Chicago,7.0,29.96883,-90.218,65,2026-09-03T18:33:00+00:00,2026-09-04T18:33:00+00:00,0.9,2026-09-03T13:35:00-0500,2026-09-04T12:50:00-0500,precip_accum_since_local_midnight,233
D7066,DW7066 Pensacola,FL,US,,,,America/Chicago,108.27,30.46217,-87.19167,65,2026-09-03T18:33:00+00:00,2026-09-04T18:33:00+00:00,0.85,2026-09-03T13:33:00-0500,2026-09-04T12:51:00-0500,precip_accum_since_local_midnight,1147
BSHL1,BOGUE CHITTO RIVER NEAR BUSH 1NNE,LA,US,,,,America/Chicago,82.0,30.62917,-89.89722,106,2026-09-03T18:33:00+00:00,2026-09-04T18:33:00+00:00,0.78,2026-09-03T13:30:00-0500,2026-09-04T13:15:00-0500,precip_accum,95
SFPL1,FRITCHIE PORTABLE,LA,US,,,,America/Chicago,3.0,30.244170,-89.721390,2,2026-09-03T18:33:00+00:00,2026-09-04T18:33:00+00:00,0.72,2026-09-03T13:17:00-0500,2026-09-04T13:17:00-0500,precip_accum,24
LYMM6,BILOXI RIVER NEAR LYMAN 4ESE,MS,US,,,,America/Chicago,1.0,30.48833,-89.03583,106,2026-09-03T18:33:00+00:00,2026-09-04T18:33:00+00:00,0.72,2026-09-03T13:30:00-0500,2026-09-04T12:45:00-0500,precip_accum,93
AV683,KG5WBN New Orleans,LA,US,,,,America/Chicago,6.56,29.95400,-90.12617,65,2026-09-03T18:33:00+00:00,2026-09-04T18:33:00+00:00,0.72,2026-09-03T13:34:00-0500,2026-09-04T12:52:00-0500,precip_accum_since_local_midnight,276
1199W,Pensacola High School,FL,US,,,,America/Chicago,69.0,30.43479,-87.22465,249,2026-09-03T18:33:00+00:00,2026-09-04T18:33:00+00:00,0.69,2026-09-03T13:30:00-0500,2026-09-04T12:50:00-0500,precip_accum_since_local_midnight,139
MSS12,Coastal Research and Extension Center,MS,US,,,,America/Chicago,56.0,30.44102,-88.94368,236,2026-09-03T18:33:00+00:00,2026-09-04T18:33:00+00:00,0.68,2026-09-03T13:30:00-0500,2026-09-04T13:00:00-0500,precip_accum_fifteen_minute,94
C5236,CW5236 PENSACOLA,FL,US,,,,America/Chicago,83.66,30.47172,-87.31883,65,2026-09-03T18:33:00+00:00,2026-09-04T18:33:00+00:00,0.66,2026-09-03T13:35:00-0500,2026-09-04T12:50:00-0500,precip_accum_since_local_midnight,279
0904W,Pace High School,FL,US,,,,America/Chicago,131.0,30.61265,-87.15355,249,2026-09-03T18:33:00+00:00,2026-09-04T18:33:00+00:00,0.66,2026-09-03T13:30:00-0500,2026-09-04T12:50:00-0500,precip_accum_since_local_midnight,139
E2701,EW2701 Gulfport,MS,US,,,,America/Chicago,73.0,30.49600,-89.07517,65,2026-09-03T18:33:00+00:00,2026-09-04T18:33:00+00:00,0.64,2026-09-03T13:30:00-0500,2026-09-04T12:45:00-0500,precip_accum_since_local_midnight,93
NPSL1,NEW ORLEANS PRESS SOUTH 6NNE,LA,US,,,,America/Chicago,0.0,30.0273,-90.044,106,2026-09-03T18:33:00+00:00,2026-09-04T18:33:00+00:00,0.63,2026-09-03T13:00:00-0500,2026-09-04T13:00:00-0500,precip_accum_one_hour,4
F1704,FW1704 Mandeville,LA,US,,,,America/Chicago,19.95,30.41800,-90.07300,65,2026-09-03T18:33:00+00:00,2026-09-04T18:33:00+00:00,0.62,2026-09-03T13:35:00-0500,2026-09-04T12:50:00-0500,precip_accum_since_local_midnight,279
LSU08,Hammond,LA,US,,,,America/Chicago,46.0,30.50309,-90.37707,256,2026-09-03T18:33:00+00:00,2026-09-04T18:33:00+00:00,0.61,2026-09-03T13:33:00-0500,2026-09-04T13:19:00-0500,precip_accum_one_minute,954
MSS39,White Sand,MS,US,,,,America/Chicago,171.0,30.79660,-89.69016,236,2026-09-03T18:33:00+00:00,2026-09-04T18:33:00+00:00,0.6,2026-09-03T13:30:00-0500,2026-09-04T13:00:00-0500,precip_accum_fifteen_minute,94
F1110,FW1110 Kenner,LA,US,,,,America/Chicago,-4.4,30.02850,-90.22450,65,2026-09-03T18:33:00+00:00,2026-09-04T18:33:00+00:00,0.59,2026-09-03T13:30:00-0500,2026-09-04T12:45:00-0500,precip_accum_since_local_midnight,93
CKWM6,CAMP KELLER,MS,US,,,,America/Chicago,130.0,30.524230,-88.982030,2,2026-09-03T18:33:00+00:00,2026-09-04T18:33:00+00:00,0.56,2026-09-03T14:00:00-0500,2026-09-04T13:00:00-0500,precip_accum,23
0172W,UWF Pace Library,FL,US,,,,America/Chicago,79.0,30.55007,-87.21730,249,2026-09-03T18:33:00+00:00,2026-09-04T18:33:00+00:00,0.56,2026-09-03T13:30:00-0500,2026-09-04T12:50:00-0500,precip_accum_since_local_midnight,139
0902W,Milton High School,FL,US,,,,America/Chicago,75.0,30.63261,-87.04482,249,2026-09-03T18:33:00+00:00,2026-09-04T18:33:00+00:00,0.54,2026-09-03T13:30:00-0500,2026-09-04T12:50:00-0500,precip_accum_since_local_midnight,139
NNHM6,HANCOCK,MS,US,,,,America/Chicago,98.0,30.451110,-89.454440,2,2026-09-03T18:33:00+00:00,2026-09-04T18:33:00+00:00,0.53,2026-09-03T13:09:00-0500,2026-09-04T13:09:00-0500,precip_accum,24
AT845,K0CPM-2 KATY,LA,US,,,,America/Chicago,124.67,29.96450,-90.14627,65,2026-09-03T18:33:00+00:00,2026-09-04T18:33:00+00:00,0.52,2026-09-03T13:31:00-0500,2026-09-04T12:45:00-0500,precip_accum_since_local_midnight,93
E8473,EW8473 Gretna,LA,US,,,,America/Chicago,-1.84,29.90750,-90.04883,65,2026-09-03T18:33:00+00:00,2026-09-04T18:33:00+00:00,0.5,2026-09-03T13:35:00-0500,2026-09-04T12:50:00-0500,precip_accum_since_local_midnight,280
KASD,"Slidell, Slidell Airport",LA,US,,,,America/Chicago,30.0,30.34306,-89.82194,1,2026-09-03T18:33:00+00:00,2026-09-04T18:33:00+00:00,0.48,2026-09-03T13:53:00-0500,2026-09-04T12:53:00-0500,precip_accum_one_hour,32
NOBL1,NEW ORLEANS BROAD 2N,LA,US,,,,America/Chicago,0.0,29.9876,-90.0677,106,2026-09-03T18:33:00+00:00,2026-09-04T18:33:00+00:00,0.47,2026-09-03T13:00:00-0500,2026-09-04T13:00:00-0500,precip_accum_one_hour,4
AESM6,Agricola,MS,US,,,,America/Chicago,225.0,30.81700,-88.52050,3011,2026-09-03T18:33:00+00:00,2026-09-04T18:33:00+00:00,0.43,2026-09-03T13:33:00-0500,2026-09-04T13:14:00-0500,precip_accum_one_minute,1421
NAGM6,LEAF RIVER NEAR NEW AUGUSTA 1N,MS,US,,,,America/Chicago,71.0,31.22167,-89.05306,106,2026-09-03T18:33:00+00:00,2026-09-04T18:33:00+00:00,0.41,2026-09-03T13:30:00-0500,2026-09-04T12:45:00-0500,precip_accum,93
K0R4,Vidalia Concordia Parish,LA,US,,,,America/Chicago,54.0,31.5620,-91.5065,1,2026-09-03T18:33:00+00:00,2026-09-04T18:33:00+00:00,0.4,2026-09-03T13:35:00-0500,2026-09-04T13:15:00-0500,precip_accum_one_hour,71
KPNS,Pensacola - Pensacola International Airport,FL,US,,,,America/Chicago,118.0,30.47806,-87.18694,1,2026-09-03T18:33:00+00:00,2026-09-04T18:33:00+00:00,0.38,2026-09-03T13:53:00-0500,2026-09-04T12:53:00-0500,precip_accum_one_hour,35
AU084,N5PA Ellisville,MS,US,,,,America/Chicago,269.03,31.62283,-89.23383,65,2026-09-03T18:33:00+00:00,2026-09-04T18:33:00+00:00,0.38,2026-09-03T13:35:00-0500,2026-09-04T12:50:00-0500,precip_accum_since_local_midnight,279
D2721,DW2721 Ponchatoula,LA,US,,,,America/Chicago,23.0,30.45999,-90.44988,65,2026-09-03T18:33:00+00:00,2026-09-04T18:33:00+00:00,0.37,2026-09-03T13:35:00-0500,2026-09-04T12:50:00-0500,precip_accum_since_local_midnight,279
C4185,CW4185 New Orleans,LA,US,,,,America/Chicago,4.69,29.95,-90.19917,65,2026-09-03T18:33:00+00:00,2026-09-04T18:33:00+00:00,0.36,2026-09-03T13:31:00-0500,2026-09-04T12:51:00-0500,precip_accum_since_local_midnight,280
PRUL1,PEARL RIVER NAVIGATION CANAL #1 NEAR PEARL RIVER 6NNW,LA,US,,,,America/Chicago,32.0,30.45639,-89.77972,106,2026-09-03T18:33:00+00:00,2026-09-04T18:33:00+00:00,0.35,2026-09-03T13:30:00-0500,2026-09-04T13:00:00-0500,precip_accum,94
D9919,DW9919 Gulf Shores,AL,US,,,,America/Chicago,11.02,30.28783,-87.51133,65,2026-09-03T18:33:00+00:00,2026-09-04T18:33:00+00:00,0.34,2026-09-03T13:30:00-0500,2026-09-04T12:45:00-0500,precip_accum_since_local_midnight,93
WKXA1,NERRS METEOROLOGICAL SITE AT WEEKS BAY IN FAIRHOPE,AL,US,,,,America/Chicago,16.0,30.41611,-87.82611,188,2026-09-03T18:33:00+00:00,2026-09-04T18:33:00+00:00,0.32,2026-09-03T14:00:00-0500,2026-09-04T13:00:00-0500,precip_accum_one_hour,23
SHCM6,MS SANDHILL CRANE - FTS,MS,US,,,,America/Chicago,25.0,30.452780,-88.661670,2,2026-09-03T18:33:00+00:00,2026-09-04T18:33:00+00:00,0.32,2026-09-03T13:51:00-0500,2026-09-04T12:51:00-0500,precip_accum,23
KGPT,Gulfport - Gulfport-Biloxi International Airport,MS,US,,,,America/Chicago,26.0,30.41194,-89.08083,1,2026-09-03T18:33:00+00:00,2026-09-04T18:33:00+00:00,0.31,2026-09-03T13:53:00-0500,2026-09-04T13:10:00-0500,precip_accum_one_hour,45
AMIL1,TANGIPAHOA RIVER NEAR AMITE 2ENE,LA,US,,,,America/Chicago,101.0,30.72889,-90.48417,106,2026-09-03T18:33:00+00:00,2026-09-04T18:33:00+00:00,0.3,2026-09-03T13:30:00-0500,2026-09-04T13:00:00-0500,precip_accum,94
TS947,SELA PORTABLE,LA,US,,,,America/Chicago,3.0,30.109000,-89.857830,2,2026-09-03T18:33:00+00:00,2026-09-04T18:33:00+00:00,0.28,2026-09-03T13:34:00-0500,2026-09-04T12:34:00-0500,precip_accum,23
OKCM6,OKATOMA CREEK AT SANFORD,MS,US,,,,America/Chicago,231.0,31.48917,-89.43333,106,2026-09-03T18:33:00+00:00,2026-09-04T18:33:00+00:00,0.28,2026-09-03T13:30:00-0500,2026-09-04T12:45:00-0500,precip_accum,93
FRNL1,BOGUE CHITTO NEAR FRANKLINTON 1SW,LA,US,,,,America/Chicago,124.0,30.84278,-90.16194,106,2026-09-03T18:33:00+00:00,2026-09-04T18:33:00+00:00,0.25,2026-09-03T13:30:00-0500,2026-09-04T13:15:00-0500,precip_accum,95
TCSL1,THOMPSON CREEK NEAR STARHILL,LA,US,,,,America/Chicago,55.0,30.74750,-91.28556,106,2026-09-03T18:33:00+00:00,2026-09-04T18:33:00+00:00,0.24,2026-09-03T13:30:00-0500,2026-09-04T12:45:00-0500,precip_accum,93
F7862,FW7862 Mandeville,LA,US,,,,America/Chicago,20.47,30.37933,-90.02150,65,2026-09-03T18:33:00+00:00,2026-09-04T18:33:00+00:00,0.24,2026-09-03T13:35:00-0500,2026-09-04T12:52:00-0500,precip_accum_since_local_midnight,276
AR152,KC5LIO Fairhope,AL,US,,,,America/Chicago,91.53,30.51833,-87.81717,65,2026-09-03T18:33:00+00:00,2026-09-04T18:33:00+00:00,0.24,2026-09-03T13:32:00-0500,2026-09-04T12:47:00-0500,precip_accum_since_local_midnight,83
GRBM6,GRAND BAY,MS,US,,,,America/Chicago,7.0,30.438330,-88.425560,2,2026-09-03T18:33:00+00:00,2026-09-04T18:33:00+00:00,0.23,2026-09-03T13:50:00-0500,2026-09-04T12:50:00-0500,precip_accum,23
C1353,CW1353 Mobile,AL,US,,,,America/Chicago,160.6,30.60783,-88.25833,65,2026-09-03T18:33:00+00:00,2026-09-04T18:33:00+00:00,0.21,2026-09-03T13:31:00-0500,2026-09-04T12:51:00-0500,precip_accum_since_local_midnight,140
1203W,Pine Forest High School,FL,US,,,,America/Chicago,112.0,30.48807,-87.29538,249,2026-09-03T18:33:00+00:00,2026-09-04T18:33:00+00:00,0.21,2026-09-03T13:30:00-0500,2026-09-04T12:50:00-0500,precip_accum_since_local_midnight,139
F5866,FW5866 Duson,LA,US,,,,America/Chicago,24.9,30.16483,-92.12017,65,2026-09-03T18:33:00+00:00,2026-09-04T18:33:00+00:00,0.2,2026-09-03T13:30:00-0500,2026-09-04T12:46:00-0500,precip_accum_since_local_midnight,93
BBNL1,BIG BRANCH NWR,LA,US,,,,America/Chicago,11.0,30.321670,-89.935280,2,2026-09-03T18:33:00+00:00,2026-09-04T18:33:00+00:00,0.2,2026-09-03T13:47:00-0500,2026-09-04T12:47:00-0500,precip_accum,23
AU112,KA5ZCI Laplace,LA,US,,,,America/Chicago,7.0,30.06017,-90.44817,65,2026-09-03T18:33:00+00:00,2026-09-04T18:33:00+00:00,0.2,2026-09-03T13:35:00-0500,2026-09-04T12:50:00-0500,precip_accum_since_local_midnight,228
FRGM6,RAGLAND HILLS,MS,US,,,,America/Chicago,285.0,31.2042,-89.178330,2,2026-09-03T18:33:00+00:00,2026-09-04T18:33:00+00:00,0.19,2026-09-03T14:00:00-0500,2026-09-04T13:00:00-0500,precip_accum,23
E6362,EW6362 New Orleans,LA,US,,,,America/Chicago,-0.53,29.97367,-90.08567,65,2026-09-03T18:33:00+00:00,2026-09-04T18:33:00+00:00,0.18,2026-09-03T13:31:00-0500,2026-09-04T12:51:00-0500,precip_accum_since_local_midnight,275
BONA1,BONSECOUR,AL,US,,,,America/Chicago,20.0,30.252780,-87.8125,2,2026-09-03T18:33:00+00:00,2026-09-04T18:33:00+00:00,0.18,2026-09-03T13:50:00-0500,2026-09-04T12:50:00-0500,precip_accum,23
0327W,Gulf Breeze High School,FL,US,,,,America/Chicago,26.0,30.35847,-87.16718,249,2026-09-03T18:33:00+00:00,2026-09-04T18:33:00+00:00,0.18,2026-09-03T13:30:00-0500,2026-09-04T12:50:00-0500,precip_accum_since_local_midnight,139
MAUL1,AMITE RIVER AT HWY 22 NEAR MAUREPAS 3ENE,LA,US,,,,America/Chicago,8.0,30.30917,-90.61028,106,2026-09-03T18:33:00+00:00,2026-09-04T18:33:00+00:00,0.17,2026-09-03T13:30:00-0500,2026-09-04T13:00:00-0500,precip_accum,94
F0278,FW0278 Summit,MS,US,,,,America/Chicago,383.56,31.26650,-90.52733,65,2026-09-03T18:33:00+00:00,2026-09-04T18:33:00+00:00,0.17,2026-09-03T13:30:00-0500,2026-09-04T12:45:00-0500,precip_accum_since_local_midnight,93
E4624,EW4624 Pensacola,FL,US,,,,America/Chicago,4.0,30.30633,-87.42333,65,2026-09-03T18:33:00+00:00,2026-09-04T18:33:00+00:00,0.17,2026-09-03T13:30:00-0500,2026-09-04T12:45:00-0500,precip_accum_since_local_midnight,93
C9352,CW9352 Pensacola,FL,US,,,,America/Chicago,19.91,30.33417,-87.35500,65,2026-09-03T18:33:00+00:00,2026-09-04T18:33:00+00:00,0.17,2026-09-03T13:35:00-0500,2026-09-04T12:50:00-0500,precip_accum_since_local_midnight,141
AV042,N5PA-2 Meadville,MS,US,,,,America/Chicago,310.07,31.58700,-90.89833,65,2026-09-03T18:33:00+00:00,2026-09-04T18:33:00+00:00,0.17,2026-09-03T13:35:00-0500,2026-09-04T12:50:00-0500,precip_accum_since_local_midnight,225
BLCM6,BLACK CREEK,MS,US,,,,America/Chicago,277.0,30.848930,-89.033920,2,2026-09-03T18:33:00+00:00,2026-09-04T18:33:00+00:00,0.16,2026-09-03T14:00:00-0500,2026-09-04T13:00:00-0500,precip_accum,23
MSS28,Beaumont,MS,US,,,,America/Chicago,171.0,31.23583,-88.92188,236,2026-09-03T18:33:00+00:00,2026-09-04T18:33:00+00:00,0.15,2026-09-03T13:30:00-0500,2026-09-04T13:00:00-0500,precip_accum_fifteen_minute,94
F7996,FW7996 Perdido Key,FL,US,,,,America/Chicago,8.96,30.32700,-87.36833,65,2026-09-03T18:33:00+00:00,2026-09-04T18:33:00+00:00,0.14,2026-09-03T13:30:00-0500,2026-09-04T12:50:00-0500,precip_accum_since_local_midnight,140
D6471,DW6471 Daphne,AL,US,,,,America/Chicago,158.99,30.63016,-87.86720,65,2026-09-03T18:33:00+00:00,2026-09-04T18:33:00+00:00,0.14,2026-09-03T13:33:00-0500,2026-09-04T12:49:00-0500,precip_accum_since_local_midnight,276
KPQL,Moss Point - Trent Lott International Airport,MS,US,,,,America/Chicago,16.0,30.46305,-88.53155,1,2026-09-03T18:33:00+00:00,2026-09-04T18:33:00+00:00,0.12,2026-09-03T13:27:00-0500,2026-09-04T13:23:00-0500,precip_accum_one_hour,49
KNEW,"New Orleans, New Orleans Lakefront Airport",LA,US,,,,America/Chicago,7.0,30.04944,-90.02889,1,2026-09-03T18:33:00+00:00,2026-09-04T18:33:00+00:00,0.12,2026-09-03T13:53:00-0500,2026-09-04T12:53:00-0500,precip_accum_one_hour,34
KNDZ,"Milton, Whiting Field South",FL,US,,,,America/Chicago,177.0,30.69722,-87.02,1,2026-09-03T18:33:00+00:00,2026-09-04T18:33:00+00:00,0.12,2026-09-03T13:56:00-0500,2026-09-04T12:56:00-0500,precip_accum_one_hour,19
KNBJ,"Barin, Barin Field, Naval Air Facility",AL,US,,,,America/Chicago,43.0,30.39111,-87.63250,1,2026-09-03T18:33:00+00:00,2026-09-04T18:33:00+00:00,0.12,2026-09-03T13:54:00-0500,2026-09-04T12:54:00-0500,precip_accum_one_hour,24
KBFM,"Mobile, Mobile Downtown Airport",AL,US,,,,America/Chicago,23.0,30.61389,-88.06333,1,2026-09-03T18:33:00+00:00,2026-09-04T18:33:00+00:00,0.12,2026-09-03T13:53:00-0500,2026-09-04T12:53:00-0500,precip_accum_one_hour,28
F8402,FW8402 Youngsville,LA,US,,,,America/Chicago,25.39,30.11383,-92.01083,65,2026-09-03T18:33:00+00:00,2026-09-04T18:33:00+00:00,0.12,2026-09-03T13:33:00-0500,2026-09-04T12:56:00-0500,precip_accum_since_local_midnight,277
F6606,FW6606 Foley,AL,US,,,,America/Chicago,609.38,30.43121,-87.65821,65,2026-09-03T18:33:00+00:00,2026-09-04T18:33:00+00:00,0.11,2026-09-03T13:31:00-0500,2026-09-04T12:45:00-0500,precip_accum_since_local_midnight,93
USA12,Gasque,AL,US,,,,America/Chicago,4.0,30.23870,-87.85400,3011,2026-09-03T18:33:00+00:00,2026-09-04T18:33:00+00:00,0.1,2026-09-03T13:33:00-0500,2026-09-04T13:15:00-0500,precip_accum_one_minute,1422
KCQF,Sonny Callahan Airport,AL,US,,,,America/Chicago,92.0,30.46100,-87.87700,1,2026-09-03T18:33:00+00:00,2026-09-04T18:33:00+00:00,0.1,2026-09-03T13:35:00-0500,2026-09-04T13:15:00-0500,precip_accum_one_hour,71
F3872,FW3872 Orange Beach,AL,US,,,,America/Chicago,15.81,30.28450,-87.58183,65,2026-09-03T18:33:00+00:00,2026-09-04T18:33:00+00:00,0.1,2026-09-03T13:35:00-0500,2026-09-04T12:50:00-0500,precip_accum_since_local_midnight,279
E0390,EW0390 Calvert,AL,US,,,,America/Chicago,52.4,31.14667,-87.99883,65,2026-09-03T18:33:00+00:00,2026-09-04T18:33:00+00:00,0.1,2026-09-03T13:35:00-0500,2026-09-04T12:52:00-0500,precip_accum_since_local_midnight,246
PPAL1,BELLE RIVER AT HWY 70 NEAR PIERRE PART 4SSW,LA,US,,,,America/Chicago,16.0,29.90917,-91.21583,106,2026-09-03T18:33:00+00:00,2026-09-04T18:33:00+00:00,0.09,2026-09-03T13:30:00-0500,2026-09-04T12:45:00-0500,precip_accum,93
KHBG,"Hattiesburg, Bobby L Chain Municipal Airport",MS,US,,,,America/Chicago,147.0,31.26945,-89.25613,1,2026-09-03T18:33:00+00:00,2026-09-04T18:33:00+00:00,0.09,2026-09-03T13:53:00-0500,2026-09-04T12:53:00-0500,precip_accum_one_hour,29
KAPS,Port of South Louisiana Executive Regional Airport,LA,US,,,,America/Chicago,7.0,30.08747,-90.58283,1,2026-09-03T18:33:00+00:00,2026-09-04T18:33:00+00:00,0.09,2026-09-03T13:35:00-0500,2026-09-04T13:15:00-0500,precip_accum_one_hour,71
F1622,FW1622 New Orleans,LA,US,,,,America/Chicago,6.1,29.9435,-90.06983,65,2026-09-03T18:33:00+00:00,2026-09-04T18:33:00+00:00,0.09,2026-09-03T13:36:00-0500,2026-09-04T12:47:00-0500,precip_accum_since_local_midnight,134
D6888,DW6888 Gretna,LA,US,,,,America/Chicago,-2.49,29.87467,-90.03783,65,2026-09-03T18:33:00+00:00,2026-09-04T18:33:00+00:00,0.09,2026-09-03T13:33:00-0500,2026-09-04T12:48:00-0500,precip_accum_since_local_midnight,232
1311W,Tiger Stadium,LA,US,,,,America/Chicago,52.0,30.41192,-91.18376,249,2026-09-03T18:33:00+00:00,2026-09-04T18:33:00+00:00,0.09,2026-09-03T13:30:00-0500,2026-09-04T12:50:00-0500,precip_accum_since_local_midnight,130
1089W,Chumuckla Elementary School,FL,US,,,,America/Chicago,217.0,30.77925,-87.22295,249,2026-09-03T18:33:00+00:00,2026-09-04T18:33:00+00:00,0.09,2026-09-03T13:30:00-0500,2026-09-04T12:50:00-0500,precip_accum_since_local_midnight,139
HATM6,LEAF RIVER AT HATTIESBURG,MS,US,,,,America/Chicago,146.0,31.34306,-89.28028,106,2026-09-03T18:33:00+00:00,2026-09-04T18:33:00+00:00,0.08,2026-09-03T13:30:00-0500,2026-09-04T13:00:00-0500,precip_accum,94
1208W,Northview High School,FL,US,,,,America/Chicago,276.0,30.96756,-87.40608,249,2026-09-03T18:33:00+00:00,2026-09-04T18:33:00+00:00,0.08,2026-09-03T13:30:00-0500,2026-09-04T12:50:00-0500,precip_accum_since_local_midnight,139
USA23,Jay,FL,US,,,,America/Chicago,260.0,30.94840,-87.17060,3011,2026-09-03T18:33:00+00:00,2026-09-04T18:33:00+00:00,0.07,2026-09-03T13:33:00-0500,2026-09-04T13:15:00-0500,precip_accum_one_minute,1422
RMAM6,MARION,MS,US,,,,America/Chicago,380.0,31.211390,-89.9225,2,2026-09-03T18:33:00+00:00,2026-09-04T18:33:00+00:00,0.07,2026-09-03T13:09:00-0500,2026-09-04T13:09:00-0500,precip_accum,24
MPAM6,PIKE,MS,US,,,,America/Chicago,366.0,31.186940,-90.478060,2,2026-09-03T18:33:00+00:00,2026-09-04T18:33:00+00:00,0.07,2026-09-03T13:09:00-0500,2026-09-04T13:09:00-0500,precip_accum,24
KNSE,Milton - Whiting Field Naval Air Station North,FL,US,,,,America/Chicago,184.0,30.72848,-87.02192,1,2026-09-03T18:33:00+00:00,2026-09-04T18:33:00+00:00,0.07,2026-09-03T13:56:00-0500,2026-09-04T12:56:00-0500,precip_accum_one_hour,25
KARA,Acadiana Regional Airport,LA,US,,,,America/Chicago,13.0,30.02918,-91.88451,1,2026-09-03T18:33:00+00:00,2026-09-04T18:33:00+00:00,0.07,2026-09-03T13:53:00-0500,2026-09-04T12:53:00-0500,precip_accum_one_hour,29
JAYF1,Jay,FL,US,,,,America/Chicago,220.0,30.77516,-87.14015,60,2026-09-03T18:33:00+00:00,2026-09-04T18:33:00+00:00,0.07,2026-09-03T13:30:00-0500,2026-09-04T13:15:00-0500,precip_accum_fifteen_minute,95
AT261,KE5JZM-1 Lutcher,LA,US,,,,America/Chicago,10.96,30.04367,-90.69933,65,2026-09-03T18:33:00+00:00,2026-09-04T18:33:00+00:00,0.07,2026-09-03T13:33:00-0500,2026-09-04T12:51:00-0500,precip_accum_since_local_midnight,1293
KPIB,"Hattiesburg/Laurel, Hattiesburg-Laurel Regional Airport",MS,US,,,,America/Chicago,299.0,31.46667,-89.33333,1,2026-09-03T18:33:00+00:00,2026-09-04T18:33:00+00:00,0.06,2026-09-03T13:29:00-0500,2026-09-04T13:25:00-0500,precip_accum_one_hour,37
KMCB,"McComb, McComb / Pike County / John E Lewis Field Airport",MS,US,,,,America/Chicago,413.0,31.17833,-90.47194,1,2026-09-03T18:33:00+00:00,2026-09-04T18:33:00+00:00,0.06,2026-09-03T13:53:00-0500,2026-09-04T12:53:00-0500,precip_accum_one_hour,37
F4737,FW4737 Nokomis,AL,US,,,,America/Chicago,240.03,31.02712,-87.59266,65,2026-09-03T18:33:00+00:00,2026-09-04T18:33:00+00:00,0.06,2026-09-03T13:33:00-0500,2026-09-04T12:49:00-0500,precip_accum_since_local_midnight,266
0402W,West Florida High School,FL,US,,,,America/Chicago,135.0,30.49776,-87.24832,249,2026-09-03T18:33:00+00:00,2026-09-04T18:33:00+00:00,0.06,2026-09-03T13:30:00-0500,2026-09-04T12:50:00-0500,precip_accum_since_local_midnight,139
K1R8,Bay Minette Municipal Airport,AL,US,,,,America/Chicago,248.0,30.87033,-87.81933,1,2026-09-03T18:33:00+00:00,2026-09-04T18:33:00+00:00,0.05,2026-09-03T13:35:00-0500,2026-09-04T13:15:00-0500,precip_accum_one_hour,52
D8180,DW8180 Pace,FL,US,,,,America/Chicago,43.0,30.58917,-87.15283,65,2026-09-03T18:33:00+00:00,2026-09-04T18:33:00+00:00,0.05,2026-09-03T13:35:00-0500,2026-09-04T12:50:00-0500,precip_accum_since_local_midnight,227
ARDL1,AMITE RIVER DIVERSION SOUTH OF WHITEHALL,LA,US,,,,America/Chicago,26.0,30.22667,-90.68806,106,2026-09-03T18:33:00+00:00,2026-09-04T18:33:00+00:00,0.05,2026-09-03T13:30:00-0500,2026-09-04T13:15:00-0500,precip_accum,95
0900W,Jay High School,FL,US,,,,America/Chicago,282.0,30.94114,-87.15685,249,2026-09-03T18:33:00+00:00,2026-09-04T18:33:00+00:00,0.05,2026-09-03T13:30:00-0500,2026-09-04T12:50:00-0500,precip_accum_since_local_midnight,139
PVLL1,AMITE RIVER AT PORT VINCENT,LA,US,,,,America/Chicago,24.0,30.33250,-90.85194,106,2026-09-03T18:33:00+00:00,2026-09-04T18:33:00+00:00,0.04,2026-09-03T13:30:00-0500,2026-09-04T13:15:00-0500,precip_accum,95
OSYM6,TANGIPAHOA RIVER NEAR OSYKA 1NE,MS,US,,,,America/Chicago,262.0,31.01222,-90.46111,106,2026-09-03T18:33:00+00:00,2026-09-04T18:33:00+00:00,0.04,2026-09-03T13:30:00-0500,2026-09-04T13:00:00-0500,precip_accum,94
LKKM6,GREENE,MS,US,,,,America/Chicago,156.0,31.136940,-88.599720,2,2026-09-03T18:33:00+00:00,2026-09-04T18:33:00+00:00,0.04,2026-09-03T13:14:00-0500,2026-09-04T13:14:00-0500,precip_accum,24
KENL1,TANGIPAHOA RIVER NEAR KENTWOOD 1E,LA,US,,,,America/Chicago,180.0,30.93750,-90.49028,106,2026-09-03T18:33:00+00:00,2026-09-04T18:33:00+00:00,0.04,2026-09-03T13:30:00-0500,2026-09-04T13:00:00-0500,precip_accum,94
FSLL1,AMITE RIVER AT FRENCH SETTLEMENT,LA,US,,,,America/Chicago,8.0,30.27528,-90.77917,106,2026-09-03T18:33:00+00:00,2026-09-04T18:33:00+00:00,0.04,2026-09-03T13:30:00-0500,2026-09-04T13:00:00-0500,precip_accum,94
VRWL1,VERMILION RIVER AT WOODLAWN,LA,US,,,,America/Chicago,29.0,30.06111,-92.07889,106,2026-09-03T18:33:00+00:00,2026-09-04T18:33:00+00:00,0.03,2026-09-03T13:30:00-0500,2026-09-04T13:00:00-0500,precip_accum,94
USA24,Poarch Creek,AL,US,,,,America/Chicago,294.0,31.09210,-87.54350,3011,2026-09-03T18:33:00+00:00,2026-09-04T18:33:00+00:00,0.03,2026-09-03T13:33:00-0500,2026-09-04T13:20:00-0500,precip_accum_one_minute,1427
USA19,Leaksville,MS,US,,,,America/Chicago,235.0,31.17650,-88.60010,3011,2026-09-03T18:33:00+00:00,2026-09-04T18:33:00+00:00,0.03,2026-09-03T13:33:00-0500,2026-09-04T13:15:00-0500,precip_accum_one_minute,1422
USA13,Atmore,AL,US,,,,America/Chicago,285.0,31.01560,-87.44510,3011,2026-09-03T18:33:00+00:00,2026-09-04T18:33:00+00:00,0.03,2026-09-03T13:33:00-0500,2026-09-04T13:15:00-0500,precip_accum_one_minute,1422
PRBL1,WEST PEARL RIVER NEAR SLIDELL 5ENE,LA,US,,,,America/Chicago,32.0,30.29778,-89.70222,106,2026-09-03T18:33:00+00:00,2026-09-04T18:33:00+00:00,0.03,2026-09-03T13:30:00-0500,2026-09-04T12:45:00-0500,precip_accum,93
E1043,EW1043 Lutcher,LA,US,,,,America/Chicago,10.56,30.05633,-90.69917,65,2026-09-03T18:33:00+00:00,2026-09-04T18:33:00+00:00,0.03,2026-09-03T13:30:00-0500,2026-09-04T12:45:00-0500,precip_accum_since_local_midnight,93
1196W,Escambia High School,FL,US,,,,America/Chicago,75.0,30.42699,-87.29960,249,2026-09-03T18:33:00+00:00,2026-09-04T18:33:00+00:00,0.03,2026-09-03T13:30:00-0500,2026-09-04T12:50:00-0500,precip_accum_since_local_midnight,139
USA3,Grand Bay,AL,US,,,,America/Chicago,54.0,30.50650,-88.36800,3011,2026-09-03T18:33:00+00:00,2026-09-04T18:33:00+00:00,0.02,2026-09-03T13:33:00-0500,2026-09-04T13:14:00-0500,precip_accum_one_minute,1420
RHCM6,COVINGTON,MS,US,,,,America/Chicago,290.0,31.749720,-89.516390,2,2026-09-03T18:33:00+00:00,2026-09-04T18:33:00+00:00,0.02,2026-09-03T13:09:00-0500,2026-09-04T13:09:00-0500,precip_accum,24
MVSA1,Mt. Vernon,AL,US,,,,America/Chicago,53.0,31.09050,-87.99870,3011,2026-09-03T18:33:00+00:00,2026-09-04T18:33:00+00:00,0.02,2026-09-03T13:33:00-0500,2026-09-04T13:15:00-0500,precip_accum_one_minute,1422
KNBG,New Orleans Naval Air Station - Alvin Callender Field,LA,US,,,,America/Chicago,0.0,29.83736,-90.02445,1,2026-09-03T18:33:00+00:00,2026-09-04T18:33:00+00:00,0.02,2026-09-03T13:55:00-0500,2026-09-04T12:55:00-0500,precip_accum_one_hour,26
E6903,EW6903 Lockport,LA,US,,,,America/Chicago,5.08,29.66000,-90.54483,65,2026-09-03T18:33:00+00:00,2026-09-04T18:33:00+00:00,0.02,2026-09-03T13:30:00-0500,2026-09-04T12:45:00-0500,precip_accum_since_local_midnight,93
D7368,DW7368 Pecan Island,LA,US,,,,America/Chicago,3.0,29.64983,-92.4195,65,2026-09-03T18:33:00+00:00,2026-09-04T18:33:00+00:00,0.02,2026-09-03T13:31:00-0500,2026-09-04T12:45:00-0500,precip_accum_since_local_midnight,93
C7580,CW7580 Gramercy,LA,US,,,,America/Chicago,8.63,30.06333,-90.69917,65,2026-09-03T18:33:00+00:00,2026-09-04T18:33:00+00:00,0.02,2026-09-03T13:35:00-0500,2026-09-04T12:51:00-0500,precip_accum_since_local_midnight,277
1313W,Alex Box Stadium,LA,US,,,,America/Chicago,36.0,30.40666,-91.18750,249,2026-09-03T18:33:00+00:00,2026-09-04T18:33:00+00:00,0.02,2026-09-03T13:30:00-0500,2026-09-04T12:50:00-0500,precip_accum_since_local_midnight,138
USA5,Saraland,AL,US,,,,America/Chicago,20.0,30.83020,-88.06580,3011,2026-09-03T18:33:00+00:00,2026-09-04T18:33:00+00:00,0.01,2026-09-03T13:33:00-0500,2026-09-04T13:14:00-0500,precip_accum_one_minute,1420
LSU03,Crowley,LA,US,,,,America/Chicago,23.0,30.24761,-92.34761,256,2026-09-03T18:33:00+00:00,2026-09-04T18:33:00+00:00,0.01,2026-09-03T13:33:00-0500,2026-09-04T13:20:00-0500,precip_accum_one_minute,1427
LAUM6,WAUSAU,MS,US,,,,America/Chicago,316.0,31.530350,-88.892370,2,2026-09-03T18:33:00+00:00,2026-09-04T18:33:00+00:00,0.01,2026-09-03T13:36:00-0500,2026-09-04T12:36:00-0500,precip_accum,23
KPTN,Patterson Memorial,LA,US,,,,America/Chicago,10.0,29.71667,-91.33333,1,2026-09-03T18:33:00+00:00,2026-09-04T18:33:00+00:00,0.01,2026-09-03T13:56:00-0500,2026-09-04T12:56:00-0500,precip_accum_one_hour,26
HENL1,HENDERSON BAYOU NEAR PORT VINCENT 3SW,LA,US,,,,America/Chicago,27.0,30.29722,-90.88361,106,2026-09-03T18:33:00+00:00,2026-09-04T18:33:00+00:00,0.01,2026-09-03T13:30:00-0500,2026-09-04T13:00:00-0500,precip_accum,94
F5486,FW5486 Carencro,LA,US,,,,America/Chicago,49.44,30.31517,-92.0225,65,2026-09-03T18:33:00+00:00,2026-09-04T18:33:00+00:00,0.01,2026-09-03T13:31:00-0500,2026-09-04T12:51:00-0500,precip_accum_since_local_midnight,278
ESWL1,BAYOU PLAQUEMINE BRULE AT ESTERWOOD,LA,US,,,,America/Chicago,19.0,30.19806,-92.46333,106,2026-09-03T18:33:00+00:00,2026-09-04T18:33:00+00:00,0.01,2026-09-03T13:30:00-0500,2026-09-04T13:00:00-0500,precip_accum,94
E3364,EW3364 Belle Chasse,LA,US,,,,America/Chicago,-0.53,29.85967,-89.99183,65,2026-09-03T18:33:00+00:00,2026-09-04T18:33:00+00:00,0.01,2026-09-03T13:30:00-0500,2026-09-04T12:45:00-0500,precip_accum_since_local_midnight,93
E1896,EW1896 Jay,FL,US,,,,America/Chicago,246.0,30.94917,-87.13217,65,2026-09-03T18:33:00+00:00,2026-09-04T18:33:00+00:00,0.01,2026-09-03T13:30:00-0500,2026-09-04T12:45:00-0500,precip_accum_since_local_midnight,93
E1090,EW1090 Metairie,LA,US,,,,America/Chicago,-0.66,30.00500,-90.14217,65,2026-09-03T18:33:00+00:00,2026-09-04T18:33:00+00:00,0.01,2026-09-03T13:33:00-0500,2026-09-04T12:48:00-0500,precip_accum_since_local_midnight,271
BWMA1,MURDER CREEK AT HWY 41 AND 29 AT BREWTON,AL,US,,,,America/Chicago,95.0,31.10083,-87.06889,106,2026-09-03T18:33:00+00:00,2026-09-04T18:33:00+00:00,0.01,2026-09-03T13:30:00-0500,2026-09-04T12:45:00-0500,precip_accum,93
BCCM6,BOGUE CHITTO,MS,US,,,,America/Chicago,126.0,30.661940,-89.795560,2,2026-09-03T18:33:00+00:00,2026-09-04T18:33:00+00:00,0.01,2026-09-03T13:12:00-0500,2026-09-04T13:12:00-0500,precip_accum,24
ZAYL1,COMITE RIVER NEAR ZACHARY 4SE,LA,US,,,,America/Chicago,110.0,30.64306,-91.09444,106,2026-09-03T18:33:00+00:00,2026-09-04T18:33:00+00:00,0.0,2026-09-03T13:30:00-0500,2026-09-04T13:00:00-0500,precip_accum,94
YLBA1,Bayou La Batre,AL,US,,,,America/Chicago,13.0,30.3956,-88.2478,3011,2026-09-03T18:33:00+00:00,2026-09-04T18:33:00+00:00,0.0,2026-09-03T13:33:00-0500,2026-09-04T13:15:00-0500,precip_accum_one_minute,1422
WPGM6,WEST PASCAGOULA RIVER AT HIGHWAY 90 AT GAUTIER,MS,US,,,,America/Chicago,,30.38278,-88.60889,106,2026-09-03T18:33:00+00:00,2026-09-04T18:33:00+00:00,0.0,2026-09-03T13:30:00-0500,2026-09-04T12:45:00-0500,precip_accum,93
WGPL1,WELSH GULLY NEAR PRAIRIEVILLE 2NNE,LA,US,,,,America/Chicago,32.0,30.33667,-90.96889,106,2026-09-03T18:33:00+00:00,2026-09-04T18:33:00+00:00,0.0,2026-09-03T13:30:00-0500,2026-09-04T13:00:00-0500,precip_accum,97
WCEL1,WARD CREEK AT ESSEN LANE NEAR INNISWOLD 1NW,LA,US,,,,America/Chicago,41.0,30.40472,-91.10333,106,2026-09-03T18:33:00+00:00,2026-09-04T18:33:00+00:00,0.0,2026-09-03T13:30:00-0500,2026-09-04T13:00:00-0500,precip_accum,94
WBHL1,WHITE BAYOU AT HIGHWAY 64 NEAR ZACHARY 2SE,LA,US,,,,America/Chicago,95.0,30.63611,-91.12722,106,2026-09-03T18:33:00+00:00,2026-09-04T18:33:00+00:00,0.0,2026-09-03T13:30:00-0500,2026-09-04T13:00:00-0500,precip_accum,94
VRLL1,VERMILION RIVER NEAR LAFAYETTE,LA,US,,,,America/Chicago,50.0,30.21917,-91.95583,106,2026-09-03T18:33:00+00:00,2026-09-04T18:33:00+00:00,0.0,2026-09-03T13:30:00-0500,2026-09-04T13:00:00-0500,precip_accum,94
USA9,Fairhope,AL,US,,,,America/Chicago,125.0,30.54120,-87.88190,3011,2026-09-03T18:33:00+00:00,2026-09-04T18:33:00+00:00,0.0,2026-09-03T13:33:00-0500,2026-09-04T13:15:00-0500,precip_accum_one_minute,1422
USA8,Elberta,AL,US,,,,America/Chicago,73.0,30.41130,-87.58500,3011,2026-09-03T18:33:00+00:00,2026-09-04T18:33:00+00:00,0.0,2026-09-03T13:33:00-0500,2026-09-04T13:15:00-0500,precip_accum_one_minute,1422
USA7,Robertsdale,AL,US,,,,America/Chicago,154.0,30.58400,-87.73010,3011,2026-09-03T18:33:00+00:00,2026-09-04T18:33:00+00:00,0.0,2026-09-03T13:33:00-0500,2026-09-04T13:15:00-0500,precip_accum_one_minute,1422
USA4,Mobile Dog River,AL,US,,,,America/Chicago,10.0,30.56090,-88.09930,3011,2026-09-03T18:33:00+00:00,2026-09-04T18:33:00+00:00,0.0,2026-09-03T13:33:00-0500,2026-09-04T13:15:00-0500,precip_accum_one_minute,1422
USA20,Castleberry,AL,US,,,,America/Chicago,250.0,31.29580,-87.03130,3011,2026-09-03T18:33:00+00:00,2026-09-04T18:33:00+00:00,0.0,2026-09-03T13:33:00-0500,2026-09-04T13:15:00-0500,precip_accum_one_minute,1422
USA11,Loxley,AL,US,,,,America/Chicago,184.0,30.64030,-87.73150,3011,2026-09-03T18:33:00+00:00,2026-09-04T18:33:00+00:00,0.0,2026-09-03T13:33:00-0500,2026-09-04T13:15:00-0500,precip_accum_one_minute,1422
USA10,Foley,AL,US,,,,America/Chicago,56.0,30.36990,-87.64560,3011,2026-09-03T18:33:00+00:00,2026-09-04T18:33:00+00:00,0.0,2026-09-03T13:33:00-0500,2026-09-04T13:15:00-0500,precip_accum_one_minute,1422
SRRL1,LOWER GRAND RIVER AT BAYOU SORREL (LAND SIDE),LA,US,,,,America/Chicago,19.0,30.15528,-91.33167,106,2026-09-03T18:33:00+00:00,2026-09-04T18:33:00+00:00,0.0,2026-09-03T13:30:00-0500,2026-09-04T13:00:00-0500,precip_accum,94
RSAM6,HOMOCHITTO RIVER AT ROSETTA,MS,US,,,,America/Chicago,90.0,31.32472,-91.10944,106,2026-09-03T18:33:00+00:00,2026-09-04T18:33:00+00:00,0.0,2026-09-03T13:30:00-0500,2026-09-04T12:45:00-0500,precip_accum,93
PANL1,PANAMA CANAL AT HIGHWAY 44 NEAR GONZALES 5S,LA,US,,,,America/Chicago,8.0,30.17056,-90.91917,106,2026-09-03T18:33:00+00:00,2026-09-04T18:33:00+00:00,0.0,2026-09-03T13:30:00-0500,2026-09-04T13:00:00-0500,precip_accum,94
OWCL1,OLD WARD CREEK DIVISION AT HIGHLAND ROAD,LA,US,,,,America/Chicago,32.0,30.35500,-91.01500,106,2026-09-03T18:33:00+00:00,2026-09-04T18:33:00+00:00,0.0,2026-09-03T13:30:00-0500,2026-09-04T13:00:00-0500,precip_accum,94
OLVL1,COMITE RIVER NEAR OLIVE BRANCH 2NE,LA,US,,,,America/Chicago,114.0,30.75583,-91.04389,106,2026-09-03T18:33:00+00:00,2026-09-04T18:33:00+00:00,0.0,2026-09-03T13:30:00-0500,2026-09-04T13:15:00-0500,precip_accum,95
NTZM6,MISSISSIPPI RIVER NEAR NATCHEZ 2SW,MS,US,,,,America/Chicago,68.0,31.54389,-91.43333,106,2026-09-03T18:33:00+00:00,2026-09-04T18:33:00+00:00,0.0,2026-09-03T14:00:00-0500,2026-09-04T13:00:00-0500,precip_accum,23
NRSL1,NEW RIVER CANAL NEAR SORRENTO 4E,LA,US,,,,America/Chicago,16.0,30.18917,-90.78611,106,2026-09-03T18:33:00+00:00,2026-09-04T18:33:00+00:00,0.0,2026-09-03T13:30:00-0500,2026-09-04T13:15:00-0500,precip_accum,95
MSS20,Natchez,MS,US,,,,America/Chicago,75.0,31.34067,-91.39999,236,2026-09-03T18:33:00+00:00,2026-09-04T18:33:00+00:00,0.0,2026-09-03T13:30:00-0500,2026-09-04T13:00:00-0500,precip_accum_fifteen_minute,94
MLDL1,COMITE RIVER AT PORT HUDSON-PRIDE ROAD NEAR MILLDALE 3NW,LA,US,,,,America/Chicago,8.0,30.70222,-91.05111,106,2026-09-03T18:33:00+00:00,2026-09-04T18:33:00+00:00,0.0,2026-09-03T13:30:00-0500,2026-09-04T13:00:00-0500,precip_accum,94
LSU11,StGabUSDACR6,LA,US,,,,America/Chicago,20.0,30.26630,-91.10629,256,2026-09-03T18:33:00+00:00,2026-09-04T18:33:00+00:00,0.0,2026-09-03T13:33:00-0500,2026-09-04T13:19:00-0500,precip_accum_one_minute,1426
LSU07,R&D Research,LA,US,,,,America/Chicago,36.0,30.61358,-91.97538,256,2026-09-03T18:33:00+00:00,2026-09-04T18:33:00+00:00,0.0,2026-09-03T13:33:00-0500,2026-09-04T13:19:00-0500,precip_accum_one_minute,1251
LSU05,Iberia,LA,US,,,,America/Chicago,23.0,29.95985,-91.71488,256,2026-09-03T18:33:00+00:00,2026-09-04T18:33:00+00:00,0.0,2026-09-03T13:33:00-0500,2026-09-04T13:20:00-0500,precip_accum_one_minute,1427
LSU04,DeanLee,LA,US,,,,America/Chicago,72.0,31.17697,-92.40604,256,2026-09-03T18:33:00+00:00,2026-09-04T18:33:00+00:00,0.0,2026-09-03T13:33:00-0500,2026-09-04T13:20:00-0500,precip_accum_one_minute,1427
LSU01,BenHur,LA,US,,,,America/Chicago,20.0,30.36437,-91.16726,256,2026-09-03T18:33:00+00:00,2026-09-04T18:33:00+00:00,0.0,2026-09-03T13:33:00-0500,2026-09-04T13:20:00-0500,precip_accum_one_minute,1427
LPOL1,TICKFAW RIVER AT LIVERPOOL NEAR KENTWOOD 1NNE,LA,US,,,,America/Chicago,206.0,30.93056,-90.67333,106,2026-09-03T18:33:00+00:00,2026-09-04T18:33:00+00:00,0.0,2026-09-03T13:30:00-0500,2026-09-04T13:15:00-0500,precip_accum,95
KREG,Louisiana Regional Airport,LA,US,,,,America/Chicago,14.0,30.1714,-90.9404,1,2026-09-03T18:33:00+00:00,2026-09-04T18:33:00+00:00,0.0,2026-09-03T13:35:00-0500,2026-09-04T13:15:00-0500,precip_accum_one_hour,71
KOPL,Opelousas St Landry Parish Airport,LA,US,,,,America/Chicago,75.0,30.55840,-92.09940,1,2026-09-03T18:33:00+00:00,2026-09-04T18:33:00+00:00,0.0,2026-09-03T13:35:00-0500,2026-09-04T13:15:00-0500,precip_accum_one_hour,69
KNPA,Pensacola Naval Air Station,FL,US,,,,America/Chicago,16.0,30.35641,-87.32326,1,2026-09-03T18:33:00+00:00,2026-09-04T18:33:00+00:00,0.0,2026-09-03T13:56:00-0500,2026-09-04T12:56:00-0500,precip_accum_one_hour,23
KLUL,LAUREL/NOBLE FIELD,MS,US,,,,America/Chicago,240.0,31.67,-89.17,1,2026-09-03T18:33:00+00:00,2026-09-04T18:33:00+00:00,0.0,2026-09-03T13:35:00-0500,2026-09-04T13:15:00-0500,precip_accum_one_hour,71
KLFT,"Lafayette, Lafayette Regional Airport",LA,US,,,,America/Chicago,39.0,30.20222,-91.99306,1,2026-09-03T18:33:00+00:00,2026-09-04T18:33:00+00:00,0.0,2026-09-03T13:53:00-0500,2026-09-04T12:53:00-0500,precip_accum_one_hour,24
KIYA,Abbeville Chris Crusta Memorial Airport,LA,US,,,,America/Chicago,16.0,29.97578,-92.08422,1,2026-09-03T18:33:00+00:00,2026-09-04T18:33:00+00:00,0.0,2026-09-03T13:35:00-0500,2026-09-04T13:15:00-0500,precip_accum_one_hour,69
KHZR,New Roads False River Regional Airport,LA,US,,,,America/Chicago,39.0,30.7183,-91.4787,1,2026-09-03T18:33:00+00:00,2026-09-04T18:33:00+00:00,0.0,2026-09-03T13:35:00-0500,2026-09-04T13:15:00-0500,precip_accum_one_hour,68
KHUM,Houma-Terrebonne Airport,LA,US,,,,America/Chicago,3.0,29.56341,-90.66283,1,2026-09-03T18:33:00+00:00,2026-09-04T18:33:00+00:00,0.0,2026-09-03T13:47:00-0500,2026-09-04T12:47:00-0500,precip_accum_one_hour,12
KHEZ,"Natchez, Hardy-Anders Field Natchez-Adams County Airport",MS,US,,,,America/Chicago,264.0,31.61593,-91.29724,1,2026-09-03T18:33:00+00:00,2026-09-04T18:33:00+00:00,0.0,2026-09-03T13:56:00-0500,2026-09-04T12:56:00-0500,precip_accum_one_hour,26
KHDC,"Hammond, Hammond Municipal Airport",LA,US,,,,America/Chicago,43.0,30.52083,-90.41750,1,2026-09-03T18:33:00+00:00,2026-09-04T18:33:00+00:00,0.0,2026-09-03T13:35:00-0500,2026-09-04T13:15:00-0500,precip_accum_one_hour,71
KGZH,"Evergreen, Middleton Field",AL,US,,,,America/Chicago,256.0,31.41889,-87.04806,1,2026-09-03T18:33:00+00:00,2026-09-04T18:33:00+00:00,0.0,2026-09-03T13:53:00-0500,2026-09-04T12:53:00-0500,precip_accum_one_hour,23
KGAO,"Galliano, South Lafourche Airport",LA,US,,,,America/Chicago,0.0,29.44472,-90.26111,1,2026-09-03T18:33:00+00:00,2026-09-04T18:33:00+00:00,0.0,2026-09-03T13:35:00-0500,2026-09-04T13:15:00-0500,precip_accum_one_hour,71
KESF,Alexandria Esler Regional Airport,LA,US,,,,America/Chicago,85.0,31.39634,-92.28273,1,2026-09-03T18:33:00+00:00,2026-09-04T18:33:00+00:00,0.0,2026-09-03T13:53:00-0500,2026-09-04T13:10:00-0500,precip_accum_one_hour,32
KBTR,"Baton Rouge, Baton Rouge Metropolitan, Ryan Field",LA,US,,,,America/Chicago,69.0,30.53722,-91.14694,1,2026-09-03T18:33:00+00:00,2026-09-04T18:33:00+00:00,0.0,2026-09-03T13:53:00-0500,2026-09-04T12:53:00-0500,precip_accum_one_hour,22
K1R7,Brookhaven-Lincoln County Airport,MS,US,,,,America/Chicago,489.0,31.60580,-90.40930,1,2026-09-03T18:33:00+00:00,2026-09-04T18:33:00+00:00,0.0,2026-09-03T13:35:00-0500,2026-09-04T13:15:00-0500,precip_accum_one_hour,70
JNCM6,CYPRESS CREEK NEAR JANICE NEAR BEAUMONT 10 WSW,MS,US,,,,America/Chicago,146.0,31.02528,-89.01667,106,2026-09-03T18:33:00+00:00,2026-09-04T18:33:00+00:00,0.0,2026-09-03T13:30:00-0500,2026-09-04T12:45:00-0500,precip_accum,93
JCHL1,JONES CREEK AT OLD HAMMOND HIGHWAY AT MILLERVILLE,LA,US,,,,America/Chicago,55.0,30.44056,-91.04444,106,2026-09-03T18:33:00+00:00,2026-09-04T18:33:00+00:00,0.0,2026-09-03T13:30:00-0500,2026-09-04T13:00:00-0500,precip_accum,94
HBRL1,HURRICANE CREEK AT BATON ROUGE 2NE,LA,US,,,,America/Chicago,85.0,30.48194,-91.12250,106,2026-09-03T18:33:00+00:00,2026-09-04T18:33:00+00:00,0.0,2026-09-03T13:30:00-0500,2026-09-04T13:15:00-0500,precip_accum,95
GVLL1,AMITE RIVER NEAR GRANGEVILLE 1SW,LA,US,,,,America/Chicago,112.0,30.73611,-90.84167,106,2026-09-03T18:33:00+00:00,2026-09-04T18:33:00+00:00,0.0,2026-09-03T13:30:00-0500,2026-09-04T13:00:00-0500,precip_accum,94
GLFM6,WOLF RIVER AT BELLE FERRY ROAD NEAR GULFPORT 7WNW,MS,US,,,,America/Chicago,30.0,30.39333,-89.20639,106,2026-09-03T18:33:00+00:00,2026-09-04T18:33:00+00:00,0.0,2026-09-03T13:30:00-0500,2026-09-04T12:45:00-0500,precip_accum,93
FLBL1,FLAGON BAYOU NE OF LIBUSE,LA,US,,,,America/Chicago,104.0,31.38389,-92.29694,106,2026-09-03T18:33:00+00:00,2026-09-04T18:33:00+00:00,0.0,2026-09-03T13:30:00-0500,2026-09-04T12:45:00-0500,precip_accum,93
F7886,FW7886 BATON ROUGE,LA,US,,,,America/Chicago,22.8,30.33122,-91.12713,65,2026-09-03T18:33:00+00:00,2026-09-04T18:33:00+00:00,0.0,2026-09-03T13:31:00-0500,2026-09-04T12:52:00-0500,precip_accum_since_local_midnight,271
F7671,FW7671 Mt Airy,LA,US,,,,America/Chicago,20.87,30.05383,-90.64250,65,2026-09-03T18:33:00+00:00,2026-09-04T18:33:00+00:00,0.0,2026-09-03T13:30:00-0500,2026-09-04T12:45:00-0500,precip_accum_since_local_midnight,93
F5707,FW5707 Pineville,LA,US,,,,America/Chicago,104.99,31.37983,-92.46767,65,2026-09-03T18:33:00+00:00,2026-09-04T18:33:00+00:00,0.0,2026-09-03T13:31:00-0500,2026-09-04T12:45:00-0500,precip_accum_since_local_midnight,93
F4663,FW4663 Thibodaux,LA,US,,,,America/Chicago,5.61,29.77467,-90.78567,65,2026-09-03T18:33:00+00:00,2026-09-04T18:33:00+00:00,0.0,2026-09-03T13:30:00-0500,2026-09-04T12:45:00-0500,precip_accum_since_local_midnight,93
F4455,FW4455 Prairieville,LA,US,,,,America/Chicago,22.28,30.28850,-90.97317,65,2026-09-03T18:33:00+00:00,2026-09-04T18:33:00+00:00,0.0,2026-09-03T13:30:00-0500,2026-09-04T12:45:00-0500,precip_accum_since_local_midnight,93
F1193,FW1193 St. Gabriel,LA,US,,,,America/Chicago,16.0,30.30833,-91.101,65,2026-09-03T18:33:00+00:00,2026-09-04T18:33:00+00:00,0.0,2026-09-03T13:31:00-0500,2026-09-04T12:50:00-0500,precip_accum_since_local_midnight,268
F0338,FW0338 Plaucheville,LA,US,,,,America/Chicago,39.0,30.94383,-91.96533,65,2026-09-03T18:33:00+00:00,2026-09-04T18:33:00+00:00,0.0,2026-09-03T13:31:00-0500,2026-09-04T12:50:00-0500,precip_accum_since_local_midnight,281
F0324,FW0324 Thibodaux,LA,US,,,,America/Chicago,4.63,29.87333,-90.81733,65,2026-09-03T18:33:00+00:00,2026-09-04T18:33:00+00:00,0.0,2026-09-03T13:35:00-0500,2026-09-04T12:50:00-0500,precip_accum_since_local_midnight,279
E8557,EW8557 Walnut Hill,FL,US,,,,America/Chicago,254.0,30.87983,-87.50050,65,2026-09-03T18:33:00+00:00,2026-09-04T18:33:00+00:00,0.0,2026-09-03T13:30:00-0500,2026-09-04T12:45:00-0500,precip_accum_since_local_midnight,93
E6361,EW6361 Orange Beach,AL,US,,,,America/Chicago,1.05,30.304,-87.476,65,2026-09-03T18:33:00+00:00,2026-09-04T18:33:00+00:00,0.0,2026-09-03T13:30:00-0500,2026-09-04T12:45:00-0500,precip_accum_since_local_midnight,93
E1616,EW1616 Baton Rouge,LA,US,,,,America/Chicago,37.63,30.41100,-90.94720,65,2026-09-03T18:33:00+00:00,2026-09-04T18:33:00+00:00,0.0,2026-09-03T13:35:00-0500,2026-09-04T12:50:00-0500,precip_accum_since_local_midnight,279
DENL1,AMITE RIVER NEAR DENHAM SPRINGS 3SW,LA,US,,,,America/Chicago,32.0,30.46389,-90.99028,106,2026-09-03T18:33:00+00:00,2026-09-04T18:33:00+00:00,0.0,2026-09-03T13:30:00-0500,2026-09-04T13:15:00-0500,precip_accum,95
DCBL1,DAWSON CREEK AT BLUEBONNET BOULEVARD NEAR INNISWOLD 1SW,LA,US,,,,America/Chicago,36.0,30.38222,-91.09417,106,2026-09-03T18:33:00+00:00,2026-09-04T18:33:00+00:00,0.0,2026-09-03T13:30:00-0500,2026-09-04T13:00:00-0500,precip_accum,94
CWWL1,CHOCTAW BAYOU AT HWY 404 W OF WHITE CASTLE,LA,US,,,,America/Chicago,29.0,30.12639,-91.28639,106,2026-09-03T18:33:00+00:00,2026-09-04T18:33:00+00:00,0.0,2026-09-03T13:30:00-0500,2026-09-04T12:45:00-0500,precip_accum,93
CONL1,BAYOU CONWAY NEAR SORRENTO,LA,US,,,,America/Chicago,16.0,30.17306,-90.84444,106,2026-09-03T18:33:00+00:00,2026-09-04T18:33:00+00:00,0.0,2026-09-03T13:30:00-0500,2026-09-04T13:00:00-0500,precip_accum,94
COML1,COMITE RIVER AT COMITE DRIVE NEAR BATON ROUGE,LA,US,,,,America/Chicago,9.0,30.55806,-91.09806,106,2026-09-03T18:33:00+00:00,2026-09-04T18:33:00+00:00,0.0,2026-09-03T13:30:00-0500,2026-09-04T13:00:00-0500,precip_accum,94
CMTL1,COMITE RIVER AT JOOR ROAD NEAR COMITE 3W,LA,US,,,,America/Chicago,48.0,30.51250,-91.07361,106,2026-09-03T18:33:00+00:00,2026-09-04T18:33:00+00:00,0.0,2026-09-03T13:30:00-0500,2026-09-04T13:15:00-0500,precip_accum,95
CBAL1,CLAYCUT BAYOU AT ANTIOCH ROAD NEAR INNISWOLD 4E,LA,US,,,,America/Chicago,19.0,30.38667,-91.00722,106,2026-09-03T18:33:00+00:00,2026-09-04T18:33:00+00:00,0.0,2026-09-03T13:30:00-0500,2026-09-04T13:00:00-0500,precip_accum,94
C3916,CW3916 Belle Chasse,LA,US,,,,America/Chicago,-1.0,29.84250,-90.00300,65,2026-09-03T18:33:00+00:00,2026-09-04T18:33:00+00:00,0.0,2026-09-03T13:31:00-0500,2026-09-04T12:46:00-0500,precip_accum_since_local_midnight,93
BRXA1,USCRN SITE NEAR BREWTON 3NNE,AL,US,,,,America/Chicago,187.0,31.14500,-87.05167,123,2026-09-03T18:33:00+00:00,2026-09-04T18:33:00+00:00,0.0,2026-09-03T13:35:00-0500,2026-09-04T13:00:00-0500,precip_accum_five_minute,281
BMTA1,Bay Minette FS,AL,US,,,,America/Chicago,269.0,30.88040,-87.78140,3011,2026-09-03T18:33:00+00:00,2026-09-04T18:33:00+00:00,0.0,2026-09-03T13:33:00-0500,2026-09-04T13:15:00-0500,precip_accum_one_minute,1422
BMIL1,BAYOU MALLET AT HWY 91 NORTH OF IOTA,LA,US,,,,America/Chicago,45.0,30.39444,-92.49750,106,2026-09-03T18:33:00+00:00,2026-09-04T18:33:00+00:00,0.0,2026-09-03T13:30:00-0500,2026-09-04T13:00:00-0500,precip_accum,94
BKNM6,BLACK CREEK NEAR BROOKLYN 1SW,MS,US,,,,America/Chicago,200.0,31.05194,-89.20417,106,2026-09-03T18:33:00+00:00,2026-09-04T18:33:00+00:00,0.0,2026-09-03T13:30:00-0500,2026-09-04T12:45:00-0500,precip_accum,93
BJNL1,BLACK RIVER AT JONESVILLE,LA,US,,,,America/Chicago,52.0,31.62222,-91.81222,106,2026-09-03T18:33:00+00:00,2026-09-04T18:33:00+00:00,0.0,2026-09-03T13:30:00-0500,2026-09-04T12:45:00-0500,precip_accum,93
BENL1,CATAHOULA,LA,US,,,,America/Chicago,230.0,31.50211,-92.46131,2,2026-09-03T18:33:00+00:00,2026-09-04T18:33:00+00:00,0.0,2026-09-03T13:43:00-0500,2026-09-04T12:43:00-0500,precip_accum,23
BDEM6,BUDE,MS,US,,,,America/Chicago,447.0,31.410560,-90.846670,2,2026-09-03T18:33:00+00:00,2026-09-04T18:33:00+00:00,0.0,2026-09-03T13:05:00-0500,2026-09-04T13:05:00-0500,precip_accum,24
BBWL1,BEAVER BAYOU AT WAX ROAD NEAR GREENWELL SPRINGS 2SW,LA,US,,,,America/Chicago,71.0,30.54278,-91.02056,106,2026-09-03T18:33:00+00:00,2026-09-04T18:33:00+00:00,0.0,2026-09-03T13:30:00-0500,2026-09-04T13:00:00-0500,precip_accum,94
BBRL1,BAYOU FOUNTAIN AT BLUEBONNET ROAD NEAR BATON ROUGE 7SSE,LA,US,,,,America/Chicago,24.0,30.35833,-91.10806,106,2026-09-03T18:33:00+00:00,2026-09-04T18:33:00+00:00,0.0,2026-09-03T13:30:00-0500,2026-09-04T13:00:00-0500,precip_accum,94
BBGL1,BLACK BAYOU NEAR GONZALES 3NE,LA,US,,,,America/Chicago,32.0,30.23722,-90.87000,106,2026-09-03T18:33:00+00:00,2026-09-04T18:33:00+00:00,0.0,2026-09-03T13:30:00-0500,2026-09-04T12:45:00-0500,precip_accum,93
AV521,W5IC East Baton Rouge Parish      LA US,LA,US,,,,America/Chicago,27.62,30.40400,-91.08467,65,2026-09-03T18:33:00+00:00,2026-09-04T18:33:00+00:00,0.0,2026-09-03T13:31:00-0500,2026-09-04T12:48:00-0500,precip_accum_since_local_midnight,265
AU216,W5XN Carriere,MS,US,,,,America/Chicago,116.5,30.63867,-89.70283,65,2026-09-03T18:33:00+00:00,2026-09-04T18:33:00+00:00,0.0,2026-09-03T13:33:00-0500,2026-09-04T12:49:00-0500,precip_accum_since_local_midnight,276
AT538,KE5JJC Ponchatoula,LA,US,,,,America/Chicago,35.0,30.44760,-90.35941,65,2026-09-03T18:33:00+00:00,2026-09-04T18:33:00+00:00,0.0,2026-09-03T13:30:00-0500,2026-09-04T12:45:00-0500,precip_accum_since_local_midnight,96
AS718,N5PRN Jena,LA,US,,,,America/Chicago,209.0,31.70200,-92.11870,65,2026-09-03T18:33:00+00:00,2026-09-04T18:33:00+00:00,0.0,2026-09-03T13:32:00-0500,2026-09-04T12:49:00-0500,precip_accum_since_local_midnight,276
ARNL1,BAYOU TECHE AT ARNAUDVILLE,LA,US,,,,America/Chicago,32.0,30.39722,-91.93056,106,2026-09-03T18:33:00+00:00,2026-09-04T18:33:00+00:00,0.0,2026-09-03T13:30:00-0500,2026-09-04T12:45:00-0500,precip_accum,93
ABKL1,BAYOU MANCHAC AT ALLIGATOR BAYOU NEAR PRAIRIEVILLE 3WNW,LA,US,,,,America/Chicago,9.0,30.32139,-91.02083,106,2026-09-03T18:33:00+00:00,2026-09-04T18:33:00+00:00,0.0,2026-09-03T13:30:00-0500,2026-09-04T13:00:00-0500,precip_accum,94
1206W,Tate High School,FL,US,,,,America/Chicago,167.0,30.57754,-87.30088,249,2026-09-03T18:33:00+00:00,2026-09-04T18:33:00+00:00,0.0,2026-09-03T13:30:00-0500,2026-09-04T12:50:00-0500,precip_accum_since_local_midnight,139
1201W,Booker T. Washington High School,FL,US,,,,America/Chicago,121.0,30.48424,-87.21184,249,2026-09-03T18:33:00+00:00,2026-09-04T18:33:00+00:00,0.0,2026-09-03T13:30:00-0500,2026-09-04T12:50:00-0500,precip_accum_since_local_midnight,139
0325W,Woodlawn Beach Middle School,FL,US,,,,America/Chicago,43.0,30.39198,-87.00908,249,2026-09-03T18:33:00+00:00,2026-09-04T18:33:00+00:00,0.0,2026-09-03T13:30:00-0500,2026-09-04T12:50:00-0500,precip_accum_since_local_midnight,138
